episode,step,position.0,position.1,position.2,engagement,action.0,action.1,action.2,action.3,success,stage.approach,stage.engage,stage.release,stage.transport
ep_0000,0,0.264708102,-0.206994995,0.286879361,0,0,0,0,0,0,0,0,0,0
ep_0000,1,0.245775461,-0.200755879,0.278724194,0,-0.0189326406,0.00623911619,-0.0081551671,0,0,0,0,0,0
ep_0000,2,0.223300397,-0.176034421,0.266647846,0,-0.0224750638,0.0247214586,-0.0120763481,0,0,0,0,0,0
ep_0000,3,0.204030111,-0.151829973,0.267726094,0,-0.019270286,0.0242044479,0.00107824802,0,0,0,0,0,0
ep_0000,4,0.191506431,-0.145224914,0.254750878,0,-0.0125236809,0.00660505891,-0.0129752159,0,0,0,0,0,0
ep_0000,5,0.170321316,-0.120759979,0.242128626,0,-0.021185115,0.0244649351,-0.0126222521,0,0,0,0,0,0
ep_0000,6,0.152465239,-0.0936680511,0.237366274,0,-0.0178560764,0.0270919278,-0.00476235151,0,0,0,0,0,0
ep_0000,7,0.133727729,-0.072761178,0.229243904,0,-0.0187375098,0.020906873,-0.00812236965,0,0,0,0,0,0
ep_0000,8,0.117271401,-0.0599605404,0.215883657,0,-0.0164563283,0.0128006376,-0.013360247,0,0,0,0,0,0
ep_0000,9,0.0926371068,-0.0449454263,0.216615915,0,-0.0246342942,0.0150151141,0.000732257962,0,0,0,0,0,0
ep_0000,10,0.0746657327,-0.0265176296,0.209382325,0,-0.0179713741,0.0184277967,-0.00723358989,0,0,0,0,0,0
ep_0000,11,0.0617867783,-0.00208834792,0.196599633,0,-0.0128789544,0.0244292822,-0.0127826929,0,0,1,0,0,0
ep_0000,12,0.037164256,0.00568257459,0.187468484,0,-0.0246225223,0.0077709225,-0.00913114846,0,0,1,0,0,0
ep_0000,13,0.0392705202,0.0115530714,0.168271437,0,0.00210626423,0.00587049685,-0.0191970468,0,0,1,0,0,0
ep_0000,14,0.0418059975,0.0104867825,0.157568291,0,0.00253547728,-0.00106628891,-0.0107031465,0,0,1,0,0,0
ep_0000,15,0.0350056253,0.00868675392,0.131957084,0,-0.00680037215,-0.00180002861,-0.0256112069,0,0,1,0,0,0
ep_0000,16,0.0424491689,0.0158706866,0.114491239,0,0.00744354352,0.0071839327,-0.0174658448,0,0,1,0,0,0
ep_0000,17,0.0384690203,0.00944743305,0.0908134505,0,-0.00398014858,-0.00642325357,-0.0236777887,0,0,1,0,0,0
ep_0000,18,0.0412174873,0.0141208917,0.075132899,0,0.00274846703,0.00467345864,-0.0156805515,0,0,1,0,0,0
ep_0001,0,0.259534746,-0.168543905,0.305073649,0,0,0,0,0,0,0,0,0,0
ep_0001,1,0.241902888,-0.140154853,0.300950885,0,-0.0176318586,0.0283890516,-0.00412276387,0,0,0,0,0,0
ep_0001,2,0.227113873,-0.109117925,0.290350169,0,-0.0147890151,0.0310369283,-0.0106007159,0,0,0,0,0,0
ep_0001,3,0.226093009,-0.0919920206,0.284383625,0,-0.00102086365,0.0171259046,-0.00596654415,0,0,0,0,0,0
ep_0001,4,0.205139175,-0.0584321395,0.275186539,0,-0.0209538341,0.0335598812,-0.0091970861,0,0,0,0,0,0
ep_0001,5,0.206331342,-0.0264516026,0.266435117,0,0.0011921674,0.0319805369,-0.00875142217,0,0,0,0,0,0
ep_0001,6,0.196391523,-0.00734297372,0.245689124,0,-0.00993981957,0.0191086289,-0.0207459927,0,0,0,0,0,0
ep_0001,7,0.183667898,0.0272688959,0.239494666,0,-0.0127236247,0.0346118696,-0.00619445741,0,0,0,0,0,0
ep_0001,8,0.169875905,0.0448007286,0.226301864,0,-0.0137919933,0.0175318327,-0.0131928027,0,0,0,0,0,0
ep_0001,9,0.160180032,0.0815092027,0.218868002,0,-0.00969587266,0.0367084742,-0.00743386149,0,0,0,0,0,0
ep_0001,10,0.15491724,0.107083648,0.20648329,0,-0.00526279211,0.0255744457,-0.0123847127,0,0,0,0,0,0
ep_0001,11,0.139232174,0.139979005,0.194312781,0,-0.0156850666,0.0328953564,-0.0121705085,0,0,1,0,0,0
ep_0001,12,0.133296758,0.161742434,0.189147517,0,-0.00593541563,0.021763429,-0.00516526401,0,0,1,0,0,0
ep_0001,13,0.123139888,0.159058169,0.171136439,0,-0.0101568699,-0.00268426538,-0.0180110782,0,0,1,0,0,0
ep_0001,14,0.13302359,0.164940879,0.149708971,0,0.0098837018,0.00588271022,-0.0214274675,0,0,1,0,0,0
ep_0001,15,0.12820749,0.162103996,0.12688531,0,-0.0048161,-0.00283688307,-0.0228236616,0,0,1,0,0,0
ep_0001,16,0.122411452,0.160828412,0.103206314,0,-0.00579603761,-0.0012755841,-0.0236789957,0,0,1,0,0,0
ep_0001,17,0.128220022,0.161941946,0.0861433595,0,0.00580856949,0.00111353397,-0.0170629546,0,0,1,0,0,0
ep_0001,18,0.133282095,0.171993002,0.0785871446,0,0.00506207347,0.0100510567,-0.00755621493,0,0,1,0,0,0
ep_0002,0,-0.100655615,0.290097773,0.338856518,0,0,0,0,0,0,0,0,0,0
ep_0002,1,-0.0747870132,0.26316157,0.318012923,0,0.0258686021,-0.0269362032,-0.0208435953,0,0,0,0,0,0
ep_0002,2,-0.0659598932,0.237359777,0.311185986,0,0.00882712007,-0.0258017927,-0.0068269372,0,0,0,0,0,0
ep_0002,3,-0.0436068512,0.209843725,0.293673992,0,0.0223530419,-0.0275160521,-0.0175119936,0,0,0,0,0,0
ep_0002,4,-0.0299771987,0.191432774,0.268957555,0,0.0136296526,-0.0184109509,-0.0247164369,0,0,0,0,0,0
ep_0002,5,-0.020867357,0.165410981,0.264406711,0,0.00910984166,-0.0260217935,-0.00455084443,0,0,0,0,0,0
ep_0002,6,-0.00899584778,0.14191395,0.254413754,0,0.0118715093,-0.0234970301,-0.00999295712,0,0,0,0,0,0
ep_0002,7,0.00767697766,0.11248374,0.234545872,0,0.0166728254,-0.0294302106,-0.0198678821,0,0,0,0,0,0
ep_0002,8,0.0311130546,0.0891840756,0.217041224,0,0.0234360769,-0.0232996643,-0.0175046474,0,0,0,0,0,0
ep_0002,9,0.0462023467,0.0633077025,0.203645155,0,0.0150892921,-0.0258763731,-0.0133960694,0,0,0,0,0,0
ep_0002,10,0.0502537005,0.0321497992,0.193237916,0,0.00405135378,-0.0311579034,-0.0104072392,0,0,0,0,0,0
ep_0002,11,0.0704689994,0.0114290453,0.18635869,0,0.020215299,-0.0207207538,-0.00687922537,0,0,1,0,0,0
ep_0002,12,0.0844163001,-0.0233382694,0.160954341,0,0.0139473006,-0.0347673148,-0.025404349,0,0,1,0,0,0
ep_0002,13,0.0933605805,-0.0133982431,0.146392599,0,0.00894428045,0.00994002633,-0.0145617425,0,0,1,0,0,0
ep_0002,14,0.0843461305,-0.0210992396,0.130431175,0,-0.00901445001,-0.00770099647,-0.0159614235,0,0,1,0,0,0
ep_0002,15,0.0800434947,-0.0259032268,0.114097945,0,-0.00430263579,-0.00480398722,-0.0163332298,0,0,1,0,0,0
ep_0002,16,0.0820140839,-0.0186715238,0.094158031,0,0.00197058916,0.00723170303,-0.0199399143,0,0,1,0,0,0
ep_0002,17,0.0834418461,-0.0174017828,0.0787921473,0,0.00142776221,0.00126974098,-0.0153658837,0,0,1,0,0,0
ep_0002,18,0.0771983564,-0.0139875468,0.0481999926,0,-0.00624348968,0.00341423601,-0.0305921547,0,0,1,0,0,0
ep_0003,0,-0.166090101,0.0574673899,0.378040344,0,0,0,0,0,0,0,0,0,0
ep_0003,1,-0.171837255,0.0403757915,0.361384481,0,-0.00574715436,-0.0170915984,-0.0166558623,0,0,0,0,0,0
ep_0003,2,-0.166563734,0.0299974065,0.345753789,0,0.00527352095,-0.010378385,-0.0156306922,0,0,0,0,0,0
ep_0003,3,-0.170933872,0.0227975883,0.330530554,0,-0.00437013805,-0.00719981827,-0.0152232349,0,0,0,0,0,0
ep_0003,4,-0.169139385,0.0159360357,0.319732904,0,0.00179448724,-0.0068615526,-0.0107976496,0,0,0,0,0,0
ep_0003,5,-0.168994993,0.00257520983,0.296695322,0,0.000144392252,-0.0133608263,-0.0230375826,0,0,0,0,0,0
ep_0003,6,-0.167806253,-0.00893092435,0.273786545,0,0.00118874013,-0.0115061346,-0.022908777,0,0,0,0,0,0
ep_0003,7,-0.170571029,-0.0166807696,0.262361765,0,-0.00276477635,-0.00774984527,-0.0114247799,0,0,0,0,0,0
ep_0003,8,-0.179894567,-0.0288098007,0.260068476,0,-0.00932353735,-0.0121290311,-0.00229328871,0,0,0,0,0,0
ep_0003,9,-0.17089051,-0.035126403,0.235237584,0,0.00900405645,-0.00631660223,-0.0248308927,0,0,0,0,0,0
ep_0003,10,-0.171370342,-0.0453540273,0.219824329,0,-0.000479832292,-0.0102276243,-0.0154132545,0,0,0,0,0,0
ep_0003,11,-0.1724675,-0.0676684082,0.208340839,0,-0.0010971576,-0.0223143809,-0.0114834905,0,0,1,0,0,0
ep_0003,12,-0.174934775,-0.0685399398,0.190400511,0,-0.00246727467,-0.000871531665,-0.0179403275,0,0,1,0,0,0
ep_0003,13,-0.171309307,-0.064712733,0.173917621,0,0.00362546742,0.00382720679,-0.0164828897,0,0,1,0,0,0
ep_0003,14,-0.172455296,-0.0703253821,0.151655659,0,-0.0011459887,-0.00561264902,-0.0222619623,0,0,1,0,0,0
ep_0003,15,-0.176295012,-0.0704572722,0.143557578,0,-0.00383971632,-0.000131890178,-0.00809808075,0,0,1,0,0,0
ep_0003,16,-0.175484747,-0.0679464042,0.119509861,0,0.000810265541,0.00251086801,-0.0240477175,0,0,1,0,0,0
ep_0003,17,-0.170030147,-0.0760764852,0.0968918055,0,0.00545459986,-0.008130081,-0.0226180553,0,0,1,0,0,0
ep_0003,18,-0.167759374,-0.0740430653,0.0778908134,0,0.00227077305,0.00203341991,-0.0190009922,0,0,1,0,0,0
ep_0004,0,-0.275963128,-0.181902021,0.233132124,0,0,0,0,0,0,0,0,0,0
ep_0004,1,-0.26237312,-0.171957716,0.228059545,0,0.013590008,0.00994430482,-0.00507257879,0,0,0,0,0,0
ep_0004,2,-0.238377556,-0.154294997,0.221377417,0,0.0239955634,0.0176627189,-0.00668212771,0,0,0,0,0,0
ep_0004,3,-0.219630271,-0.147158131,0.215946436,0,0.018747285,0.00713686645,-0.00543098152,0,0,0,0,0,0
ep_0004,4,-0.197379842,-0.138411,0.214188755,0,0.0222504288,0.00874713063,-0.00175768137,0,0,0,0,0,0
ep_0004,5,-0.183663756,-0.132448465,0.209996253,0,0.0137160867,0.00596253574,-0.00419250131,0,0,0,0,0,0
ep_0004,6,-0.146062464,-0.119149894,0.203396156,0,0.0376012921,0.0132985711,-0.00660009682,0,0,0,0,0,0
ep_0004,7,-0.126584589,-0.113318853,0.195057422,0,0.019477874,0.00583104044,-0.00833873451,0,0,0,0,0,0
ep_0004,8,-0.114501961,-0.0956988484,0.200195134,0,0.0120826289,0.0176200047,0.00513771176,0,0,0,0,0,0
ep_0004,9,-0.0906097218,-0.0921733677,0.194106609,0,0.0238922387,0.00352548063,-0.00608852506,0,0,0,0,0,0
ep_0004,10,-0.0685525537,-0.0719794258,0.183394432,0,0.0220571682,0.0201939419,-0.0107121766,0,0,0,0,0,0
ep_0004,11,-0.0496700741,-0.070313856,0.182541773,0,0.0188824795,0.00166556984,-0.000852659345,0,0,1,0,0,0
ep_0004,12,-0.0297275186,-0.051147446,0.175494596,0,0.0199425556,0.01916641,-0.00704717636,0,0,1,0,0,0
ep_0004,13,-0.0265212655,-0.0596725978,0.150993079,0,0.00320625305,-0.00852515176,-0.0245015174,0,0,1,0,0,0
ep_0004,14,-0.0243102461,-0.0556358621,0.147831425,0,0.0022110194,0.00403673574,-0.00316165388,0,0,1,0,0,0
ep_0004,15,-0.0293980148,-0.0536397286,0.119605616,0,-0.00508776866,0.00199613348,-0.0282258093,0,0,1,0,0,0
ep_0004,16,-0.0257384013,-0.0581839494,0.0975999534,0,0.00365961343,-0.00454422086,-0.0220056623,0,0,1,0,0,0
ep_0004,17,-0.0169844702,-0.057854224,0.0812260956,0,0.00875393115,0.000329725444,-0.0163738579,0,0,1,0,0,0
ep_0004,18,-0.0384290107,-0.056563478,0.0646705553,0,-0.0214445405,0.00129074603,-0.0165555403,0,0,1,0,0,0
ep_0005,0,-0.0554980934,0.174734682,0.214886621,0,0,0,0,0,0,0,0,0,0
ep_0005,1,-0.0554845706,0.143891856,0.216089278,0,1.35228038e-05,-0.0308428258,0.00120265782,0,0,0,0,0,0
ep_0005,2,-0.0443915911,0.124849528,0.207273871,0,0.0110929795,-0.019042328,-0.00881540775,0,0,0,0,0,0
ep_0005,3,-0.0432618745,0.0933711007,0.206350118,0,0.00112971663,-0.0314784274,-0.000923752785,0,0,0,0,0,0
ep_0005,4,-0.0418355651,0.0703687742,0.212491855,0,0.00142630935,-0.0230023265,0.0061417371,0,0,0,0,0,0
ep_0005,5,-0.0366599374,0.0397691876,0.213526875,0,0.00517562777,-0.0305995867,0.00103501976,0,0,0,0,0,0
ep_0005,6,-0.0354480185,0.0147016188,0.206622511,0,0.00121191889,-0.0250675678,-0.00690436363,0,0,0,0,0,0
ep_0005,7,-0.0335135087,-0.0182301961,0.204897881,0,0.00193450972,-0.0329318158,-0.00172463059,0,0,0,0,0,0
ep_0005,8,-0.0329683088,-0.0411543176,0.201641679,0,0.00054519996,-0.0229241215,-0.00325620174,0,0,0,0,0,0
ep_0005,9,-0.0204102118,-0.0657105148,0.196883917,0,0.012558097,-0.0245561972,-0.00475776196,0,0,0,0,0,0
ep_0005,10,-0.0289860945,-0.0936056897,0.202473491,0,-0.00857588276,-0.0278951749,0.00558957458,0,0,0,0,0,0
ep_0005,11,-0.0213491675,-0.123257495,0.20393686,0,0.00763692707,-0.0296518058,0.00146336854,0,0,1,0,0,0
ep_0005,12,-0.0151176713,-0.145218283,0.195651323,0,0.00623149611,-0.0219607875,-0.00828553736,0,0,1,0,0,0
ep_0005,13,-0.0187305789,-0.146481514,0.175828487,0,-0.0036129076,-0.00126323104,-0.0198228359,0,0,1,0,0,0
ep_0005,14,-0.0186325181,-0.150300518,0.15710859,0,9.80608165e-05,-0.0038190037,-0.0187198967,0,0,1,0,0,0
ep_0005,15,-0.0166105665,-0.150094762,0.138506517,0,0.0020219516,0.000205755234,-0.0186020732,0,0,1,0,0,0
ep_0005,16,-0.0238493234,-0.145543039,0.130205661,0,-0.00723875687,0.0045517236,-0.00830085576,0,0,1,0,0,0
ep_0005,17,-0.0207167082,-0.147206753,0.100843266,0,0.00313261524,-0.00166371465,-0.0293623954,0,0,1,0,0,0
ep_0005,18,-0.0178303011,-0.140027285,0.0834166557,0,0.00288640708,0.00717946887,-0.01742661,0,0,1,0,0,0
ep_0006,0,0.0713874325,-0.0250035636,0.365793884,0,0,0,0,0,0,0,0,0,0
ep_0006,1,0.06892474,-0.0234173872,0.349681467,0,-0.00246269256,0.00158617646,-0.016112417,0,0,0,0,0,0
ep_0006,2,0.0669028684,-0.0354014076,0.326380521,0,-0.00202187151,-0.0119840205,-0.0233009458,0,0,0,0,0,0
ep_0006,3,0.0530197509,-0.0332189538,0.310977995,0,-0.0138831176,0.00218245387,-0.0154025257,0,0,0,0,0,0
ep_0006,4,0.052885402,-0.0320989899,0.303089559,0,-0.000134348869,0.00111996382,-0.00788843632,0,0,0,0,0,0
ep_0006,5,0.0485559963,-0.0470673852,0.28407681,0,-0.00432940573,-0.0149683952,-0.0190127492,0,0,0,0,0,0
ep_0006,6,0.037817359,-0.0542661771,0.271489263,0,-0.0107386373,-0.00719879195,-0.0125875473,0,0,0,0,0,0
ep_0006,7,0.0425737202,-0.054452125,0.256663352,0,0.00475636125,-0.000185947865,-0.0148259103,0,0,0,0,0,0
ep_0006,8,0.0337833278,-0.0507035106,0.236856475,0,-0.00879039243,0.00374861434,-0.0198068768,0,0,0,0,0,0
ep_0006,9,0.027729474,-0.056426242,0.228227556,0,-0.00605385378,-0.00572273135,-0.00862891972,0,0,0,0,0,0
ep_0006,10,0.0176725015,-0.0703151971,0.209930152,0,-0.0100569725,-0.0138889551,-0.0182974041,0,0,0,0,0,0
ep_0006,11,0.0122485943,-0.0677061155,0.191498339,0,-0.00542390719,0.00260908157,-0.0184318125,0,0,1,0,0,0
ep_0006,12,0.0155069316,-0.07378079,0.180199876,0,0.00325833727,-0.00607467443,-0.0112984627,0,0,1,0,0,0
ep_0006,13,0.0109754074,-0.068365097,0.166172236,0,-0.00453152414,0.00541569293,-0.0140276402,0,0,1,0,0,0
ep_0006,14,0.018327916,-0.0805464685,0.143170506,0,0.0073525086,-0.0121813715,-0.0230017304,0,0,1,0,0,0
ep_0006,15,0.0201111063,-0.0734579116,0.126110926,0,0.0017831903,0.00708855689,-0.0170595795,0,0,1,0,0,0
ep_0006,16,0.0112999761,-0.0689246804,0.0918462723,0,-0.00881113019,0.00453323126,-0.0342646539,0,0,1,0,0,0
ep_0006,17,0.0120426388,-0.0699981153,0.0926027074,0,0.000742662698,-0.00107343495,0.000756435096,0,0,1,0,0,0
ep_0006,18,0.0131629528,-0.0740123168,0.0714899078,0,0.001120314,-0.00401420146,-0.0211127996,0,0,1,0,0,0
ep_0007,0,0.30051437,0.0502539575,0.35500744,0,0,0,0,0,0,0,0,0,0
ep_0007,1,0.259526223,0.0429137237,0.33947438,0,-0.0409881473,-0.00734023377,-0.0155330598,0,0,0,0,0,0
ep_0007,2,0.216091275,0.0301092602,0.321856529,0,-0.0434349477,-0.0128044635,-0.0176178515,0,0,0,0,0,0
ep_0007,3,0.184490487,0.0154877212,0.30602473,0,-0.0316007882,-0.014621539,-0.0158317983,0,0,0,0,0,0
ep_0007,4,0.141871378,0.00426709745,0.301343292,0,-0.0426191092,-0.0112206237,-0.00468143821,0,0,0,0,0,0
ep_0007,5,0.112308912,-0.00176488375,0.278328925,0,-0.0295624658,-0.0060319812,-0.0230143666,0,0,0,0,0,0
ep_0007,6,0.0528969392,-0.010497991,0.264263302,0,-0.0594119728,-0.00873310678,-0.0140656233,0,0,0,0,0,0
ep_0007,7,0.0258032884,-0.0218834225,0.25291428,0,-0.0270936508,-0.0113854315,-0.0113490224,0,0,0,0,0,0
ep_0007,8,-0.0157631841,-0.0375687145,0.238008663,0,-0.0415664725,-0.015685292,-0.0149056166,0,0,0,0,0,0
ep_0007,9,-0.0517461598,-0.0392233171,0.222222611,0,-0.0359829739,-0.00165460259,-0.0157860518,0,0,0,0,0,0
ep_0007,10,-0.094905749,-0.0602809228,0.201685458,0,-0.0431595892,-0.0210576057,-0.0205371529,0,0,0,0,0,0
ep_0007,11,-0.127631441,-0.0652603284,0.19525744,0,-0.0327256918,-0.00497940555,-0.00642801821,0,0,1,0,0,0
ep_0007,12,-0.177586854,-0.0681257769,0.177191213,0,-0.0499554127,-0.00286544859,-0.0180662274,0,0,1,0,0,0
ep_0007,13,-0.170163989,-0.0694487914,0.157345235,0,0.00742286444,-0.0013230145,-0.0198459774,0,0,1,0,0,0
ep_0007,14,-0.171748117,-0.0718039498,0.142761528,0,-0.00158412755,-0.00235515833,-0.0145837069,0,0,1,0,0,0
ep_0007,15,-0.17115958,-0.0752333701,0.11402303,0,0.000588536263,-0.00342942029,-0.0287384987,0,0,1,0,0,0
ep_0007,16,-0.176153407,-0.0719323456,0.0962636471,0,-0.00499382615,0.00330102444,-0.0177593827,0,0,1,0,0,0
ep_0007,17,-0.180822626,-0.0712669641,0.079252854,0,-0.00466921926,0.000665381551,-0.0170107931,0,0,1,0,0,0
ep_0007,18,-0.172937483,-0.0707624406,0.0614492856,0,0.00788514316,0.000504523516,-0.0178035684,0,0,1,0,0,0
ep_0008,0,-0.14240922,0.191327959,0.356658936,0,0,0,0,0,0,0,0,0,0
ep_0008,1,-0.136696458,0.17644307,0.343816072,0,0.00571276248,-0.0148848891,-0.0128428638,0,0,0,0,0,0
ep_0008,2,-0.114985883,0.166935697,0.326068282,0,0.0217105746,-0.00950737298,-0.0177477896,0,0,0,0,0,0
ep_0008,3,-0.0992319584,0.14902398,0.299274743,0,0.0157539248,-0.0179117173,-0.0267935395,0,0,0,0,0,0
ep_0008,4,-0.0844753534,0.140929833,0.294111222,0,0.014756605,-0.00809414685,-0.00516352057,0,0,0,0,0,0
ep_0008,5,-0.0792657435,0.131129086,0.272929996,0,0.00520960987,-0.00980074704,-0.0211812258,0,0,0,0,0,0
ep_0008,6,-0.0608598888,0.111549594,0.26302579,0,0.0184058547,-0.0195794925,-0.0099042058,0,0,0,0,0,0
ep_0008,7,-0.0448917337,0.0937281474,0.252196997,0,0.0159681551,-0.0178214461,-0.010828793,0,0,0,0,0,0
ep_0008,8,-0.036491286,0.0737189949,0.239898965,0,0.00840044767,-0.0200091526,-0.0122980326,0,0,0,0,0,0
ep_0008,9,-0.0277385823,0.070193015,0.216493845,0,0.00875270367,-0.00352597982,-0.0234051198,0,0,0,0,0,0
ep_0008,10,-0.00825085491,0.0588879548,0.199935049,0,0.0194877274,-0.0113050602,-0.0165587962,0,0,0,0,0,0
ep_0008,11,0.0112171182,0.0453519374,0.182623029,0,0.0194679722,-0.0135360174,-0.0173120201,0,0,1,0,0,0
ep_0008,12,0.0215822496,0.0405858532,0.176143035,0,0.0103651313,-0.00476608425,-0.00647999346,0,0,1,0,0,0
ep_0008,13,0.0189281534,0.0330843888,0.157387048,0,-0.00265409611,-0.00750146434,-0.0187559873,0,0,1,0,0,0
ep_0008,14,0.022224091,0.0385075733,0.131743789,0,0.00329593755,0.00542318448,-0.0256432593,0,0,1,0,0,0
ep_0008,15,0.0200610347,0.0350194573,0.121475287,0,-0.00216305628,-0.00348811597,-0.0102685019,0,0,1,0,0,0
ep_0008,16,0.0186388381,0.0358793847,0.101298772,0,-0.00142219663,0.000859927386,-0.020176515,0,0,1,0,0,0
ep_0008,17,0.0181282293,0.0322921351,0.0771630183,0,-0.000510608777,-0.00358724967,-0.0241357535,0,0,1,0,0,0
ep_0008,18,0.0202793181,0.0314593539,0.0614679828,0,0.00215108879,-0.000832781196,-0.0156950355,0,0,1,0,0,0
ep_0009,0,-0.270585537,-0.0443413407,0.292083472,0,0,0,0,0,0,0,0,0,0
ep_0009,1,-0.227602184,-0.0523397103,0.281957924,0,0.0429833531,-0.00799836963,-0.0101255476,0,0,0,0,0,0
ep_0009,2,-0.194381759,-0.0623310022,0.276598662,0,0.0332204252,-0.00999129191,-0.00535926223,0,0,0,0,0,0
ep_0009,3,-0.153410316,-0.0682482496,0.267282516,0,0.0409714431,-0.00591724738,-0.00931614637,0,0,0,0,0,0
ep_0009,4,-0.113480687,-0.0702326521,0.254796594,0,0.0399296284,-0.00198440254,-0.0124859214,0,0,0,0,0,0
ep_0009,5,-0.0784344673,-0.0817597434,0.249083862,0,0.0350462198,-0.0115270913,-0.00571273267,0,0,0,0,0,0
ep_0009,6,-0.0410239995,-0.0907549337,0.234224543,0,0.0374104679,-0.00899519026,-0.0148593187,0,0,0,0,0,0
ep_0009,7,-0.00852875412,-0.100952335,0.230758175,0,0.0324952453,-0.010197401,-0.00346636772,0,0,0,0,0,0
ep_0009,8,0.0257951189,-0.107854553,0.220383391,0,0.0343238711,-0.00690221786,-0.0103747845,0,0,0,0,0,0
ep_0009,9,0.0728449449,-0.120725058,0.211807087,0,0.0470498279,-0.0128705055,-0.00857630372,0,0,0,0,0,0
ep_0009,10,0.106836691,-0.124365568,0.210465848,0,0.0339917466,-0.00364051014,-0.00134123862,0,0,0,0,0,0
ep_0009,11,0.151836559,-0.133537307,0.188902989,0,0.0449998677,-0.00917173922,-0.0215628594,0,0,1,0,0,0
ep_0009,12,0.181621656,-0.14293398,0.189437896,0,0.0297850966,-0.00939667225,0.000534906983,0,0,1,0,0,0
ep_0009,13,0.18006283,-0.139111757,0.173914254,0,-0.00155882537,0.00382222235,-0.0155236423,0,0,1,0,0,0
ep_0009,14,0.183661312,-0.142127812,0.150707856,0,0.00359848142,-0.00301605463,-0.0232063979,0,0,1,0,0,0
ep_0009,15,0.184726387,-0.142762795,0.132724747,0,0.0010650754,-0.000634983182,-0.0179831088,0,0,1,0,0,0
ep_0009,16,0.176841825,-0.14061448,0.112241045,0,-0.00788456202,0.00214831531,-0.0204837024,0,0,1,0,0,0
ep_0009,17,0.182876289,-0.145518064,0.0901404247,0,0.00603446364,-0.00490358472,-0.02210062,0,0,1,0,0,0
ep_0009,18,0.181714624,-0.146426514,0.0731960014,0,-0.00116166472,-0.000908449292,-0.0169444233,0,0,1,0,0,0
ep_0010,0,0.133420095,-0.182888851,0.290934563,0,0,0,0,0,0,0,0,0,0
ep_0010,1,0.122126631,-0.145059064,0.282301337,0,-0.0112934634,0.0378297865,-0.00863322616,0,0,0,0,0,0
ep_0010,2,0.10602165,-0.119230762,0.25776282,0,-0.0161049813,0.0258283019,-0.024538517,0,0,0,0,0,0
ep_0010,3,0.101712301,-0.0873066559,0.270653427,0,-0.00430934876,0.0319241062,0.0128906071,0,0,0,0,0,0
ep_0010,4,0.087422587,-0.0582775213,0.249974474,0,-0.0142897144,0.0290291347,-0.0206789523,0,0,0,0,0,0
ep_0010,5,0.0753532648,-0.0270038638,0.250300944,0,-0.0120693222,0.0312736556,0.000326469541,0,0,0,0,0,0
ep_0010,6,0.0621744767,0.00606949814,0.234716356,0,-0.0131787881,0.033073362,-0.0155845881,0,0,0,0,0,0
ep_0010,7,0.0564238913,0.03842213,0.227025643,0,-0.00575058535,0.0323526338,-0.00769071281,0,0,0,0,0,0
ep_0010,8,0.043773707,0.0652050823,0.218237177,0,-0.0126501843,0.0267829522,-0.00878846645,0,0,0,0,0,0
ep_0010,9,0.0357983559,0.0937663317,0.215508938,0,-0.00797535107,0.0285612494,-0.0027282387,0,0,0,0,0,0
ep_0010,10,0.0188583583,0.128963679,0.197612301,0,-0.0169399977,0.0351973474,-0.0178966373,0,0,0,0,0,0
ep_0010,11,0.00215560244,0.17146796,0.192451656,0,-0.0167027563,0.0425042808,-0.00516064465,0,0,1,0,0,0
ep_0010,12,-0.00692071207,0.195559248,0.186998099,0,-0.00907631405,0.0240912884,-0.00545355678,0,0,1,0,0,0
ep_0010,13,-0.00347766071,0.197019726,0.16863957,0,0.00344305136,0.00146047771,-0.0183585286,0,0,1,0,0,0
ep_0010,14,-0.00657067448,0.196616799,0.145290732,0,-0.00309301377,-0.000402927399,-0.0233488381,0,0,1,0,0,0
ep_0010,15,-0.00988321379,0.192040503,0.124096006,0,-0.00331253931,-0.00457629561,-0.0211947262,0,0,1,0,0,0
ep_0010,16,0.00174998422,0.196341231,0.107060149,0,0.0116331978,0.00430072844,-0.0170358568,0,0,1,0,0,0
ep_0010,17,-0.00921617635,0.203264847,0.090830043,0,-0.0109661603,0.00692361593,-0.0162301064,0,0,1,0,0,0
ep_0010,18,-0.00131522352,0.198469192,0.0673747584,0,0.00790095329,-0.00479565561,-0.0234552845,0,0,1,0,0,0
ep_0011,0,0.0583749674,-0.278206408,0.235695422,0,0,0,0,0,0,0,0,0,0
ep_0011,1,0.0367012136,-0.252609372,0.220239252,0,-0.0216737539,0.0255970359,-0.0154561698,0,0,0,0,0,0
ep_0011,2,0.0266074985,-0.230234683,0.217161909,0,-0.010093715,0.0223746896,-0.00307734311,0,0,0,0,0,0
ep_0011,3,0.00272645615,-0.200830176,0.213366166,0,-0.0238810424,0.0294045061,-0.00379574299,0,0,0,0,0,0
ep_0011,4,-0.0234383512,-0.185430512,0.214040175,0,-0.0261648074,0.0153996646,0.000674009323,0,0,0,0,0,0
ep_0011,5,-0.0442943238,-0.156326979,0.211122945,0,-0.0208559725,0.0291035324,-0.00291723013,0,0,0,0,0,0
ep_0011,6,-0.0615380034,-0.130256519,0.205279946,0,-0.0172436796,0.0260704607,-0.00584299862,0,0,0,0,0,0
ep_0011,7,-0.08989577,-0.101015277,0.200863943,0,-0.0283577666,0.0292412415,-0.00441600382,0,0,0,0,0,0
ep_0011,8,-0.10232614,-0.0764013976,0.196522549,0,-0.0124303699,0.0246138796,-0.00434139371,0,0,0,0,0,0
ep_0011,9,-0.118416227,-0.0496617407,0.189351887,0,-0.0160900876,0.0267396569,-0.00717066228,0,0,0,0,0,0
ep_0011,10,-0.141443878,-0.0200354308,0.186503634,0,-0.023027651,0.0296263099,-0.00284825265,0,0,0,0,0,0
ep_0011,11,-0.160178185,-0.00732655078,0.177799731,0,-0.0187343061,0.01270888,-0.00870390236,0,0,1,0,0,0
ep_0011,12,-0.179287314,0.0343369059,0.165003911,0,-0.0191091299,0.0416634567,-0.0127958208,0,0,1,0,0,0
ep_0011,13,-0.18472001,0.0285471044,0.149736926,0,-0.00543269515,-0.00578980148,-0.0152669847,0,0,1,0,0,0
ep_0011,14,-0.181020215,0.028714044,0.133006796,0,0.00369979441,0.000166939571,-0.0167301297,0,0,1,0,0,0
ep_0011,15,-0.185036942,0.0280352682,0.115158543,0,-0.00401672721,-0.000678775832,-0.0178482533,0,0,1,0,0,0
ep_0011,16,-0.182877153,0.0263439268,0.0957995504,0,0.0021597892,-0.0016913414,-0.0193589926,0,0,1,0,0,0
ep_0011,17,-0.184850112,0.0277881585,0.0847179592,0,-0.00197295845,0.00144423172,-0.0110815912,0,0,1,0,0,0
ep_0011,18,-0.182145372,0.0224302039,0.0519101545,0,0.00270473957,-0.00535795465,-0.0328078046,0,0,1,0,0,0
ep_0012,0,0.11818485,-0.105567582,0.250465393,0,0,0,0,0,0,0,0,0,0
ep_0012,1,0.102956802,-0.0852435753,0.24077417,0,-0.015228048,0.0203240067,-0.0096912235,0,0,0,0,0,0
ep_0012,2,0.0816038549,-0.0621214919,0.239782184,0,-0.0213529468,0.0231220834,-0.000991985202,0,0,0,0,0,0
ep_0012,3,0.0548614748,-0.041008506,0.231964096,0,-0.0267423801,0.0211129859,-0.00781808794,0,0,0,0,0,0
ep_0012,4,0.0294825584,-0.0102947261,0.227445871,0,-0.0253789164,0.0307137799,-0.00451822579,0,0,0,0,0,0
ep_0012,5,0.00645733159,0.0171994511,0.21724315,0,-0.0230252258,0.0274941772,-0.0102027208,0,0,0,0,0,0
ep_0012,6,-0.020118488,0.0496230796,0.215879872,0,-0.0265758187,0.0324236304,-0.00136327744,0,0,0,0,0,0
ep_0012,7,-0.0491408072,0.0706978366,0.215354845,0,-0.0290223192,0.021074757,-0.000525027514,0,0,0,0,0,0
ep_0012,8,-0.0744816214,0.0958617479,0.210284919,0,-0.0253408141,0.0251639113,-0.00506992638,0,0,0,0,0,0
ep_0012,9,-0.103422999,0.116800755,0.197972909,0,-0.028941378,0.0209390074,-0.0123120099,0,0,0,0,0,0
ep_0012,10,-0.120141298,0.154885814,0.192333728,0,-0.0167182982,0.0380850583,-0.00563918054,0,0,0,0,0,0
ep_0012,11,-0.152845427,0.168002784,0.183690622,0,-0.0327041298,0.0131169707,-0.00864310563,0,0,1,0,0,0
ep_0012,12,-0.172883049,0.200702533,0.184610307,0,-0.0200376213,0.0326997489,0.000919684768,0,0,1,0,0,0
ep_0012,13,-0.177458555,0.204493999,0.159067631,0,-0.00457550585,0.00379146636,-0.0255426764,0,0,1,0,0,0
ep_0012,14,-0.166585237,0.198950365,0.142657682,0,0.0108733177,-0.0055436343,-0.0164099485,0,0,1,0,0,0
ep_0012,15,-0.168338344,0.193342403,0.131729752,0,-0.00175310671,-0.00560796261,-0.0109279305,0,0,1,0,0,0
ep_0012,16,-0.170230731,0.196296766,0.0982301384,0,-0.00189238787,0.00295436382,-0.0334996134,0,0,1,0,0,0
ep_0012,17,-0.182908386,0.194349647,0.0843968168,0,-0.0126776546,-0.00194711983,-0.0138333216,0,0,1,0,0,0
ep_0012,18,-0.170224309,0.204211459,0.0648251921,0,0.012684077,0.009861812,-0.0195716247,0,0,1,0,0,0
ep_0013,0,-0.12849462,-0.189949349,0.318888247,0,0,0,0,0,0,0,0,0,0
ep_0013,1,-0.101627812,-0.192026526,0.300067961,0,0.0268668085,-0.00207717717,-0.0188202858,0,0,0,0,0,0
ep_0013,2,-0.079592213,-0.195683151,0.294109285,0,0.0220355988,-0.00365662575,-0.00595867634,0,0,0,0,0,0
ep_0013,3,-0.0466538221,-0.191215843,0.286331594,0,0.032938391,0.00446730852,-0.00777769089,0,0,0,0,0,0
ep_0013,4,-0.0276452191,-0.192930311,0.278156102,0,0.0190086029,-0.001714468,-0.00817549229,0,0,0,0,0,0
ep_0013,5,0.007483311,-0.195541576,0.264194578,0,0.0351285301,-0.00261126459,-0.0139615238,0,0,0,0,0,0
ep_0013,6,0.0244210437,-0.190252453,0.24435541,0,0.0169377327,0.00528912246,-0.0198391676,0,0,0,0,0,0
ep_0013,7,0.0602917112,-0.18680352,0.237213388,0,0.0358706675,0.00344893336,-0.00714202225,0,0,0,0,0,0
ep_0013,8,0.0834252387,-0.192837641,0.224896684,0,0.0231335275,-0.00603412092,-0.0123167038,0,0,0,0,0,0
ep_0013,9,0.108699314,-0.181077704,0.212921873,0,0.0252740756,0.0117599368,-0.0119748116,0,0,0,0,0,0
ep_0013,10,0.143707827,-0.180482656,0.201781482,0,0.0350085124,0.00059504807,-0.0111403912,0,0,0,0,0,0
ep_0013,11,0.173248142,-0.182448998,0.201305598,0,0.0295403153,-0.00196634233,-0.000475883484,0,0,1,0,0,0
ep_0013,12,0.199742973,-0.178669378,0.186279356,0,0.0264948308,0.00377961993,-0.0150262415,0,0,1,0,0,0
ep_0013,13,0.195999727,-0.176301017,0.166592479,0,-0.0037432462,0.00236836076,-0.0196868777,0,0,1,0,0,0
ep_0013,14,0.193187937,-0.176488206,0.138950184,0,-0.00281178951,-0.000187188387,-0.0276422948,0,0,1,0,0,0
ep_0013,15,0.196446881,-0.179648325,0.123127252,0,0.00325894356,-0.00316011906,-0.0158229321,0,0,1,0,0,0
ep_0013,16,0.201097295,-0.174290597,0.110762402,0,0.00465041399,0.00535772741,-0.0123648494,0,0,1,0,0,0
ep_0013,17,0.201159522,-0.184160799,0.0848896801,0,6.22272491e-05,-0.00987020135,-0.0258727223,0,0,1,0,0,0
ep_0013,18,0.193469673,-0.169244379,0.073857218,0,-0.00768984854,0.01491642,-0.0110324621,0,0,1,0,0,0
ep_0014,0,0.246598378,-0.18988812,0.291793227,0,0,0,0,0,0,0,0,0,0
ep_0014,1,0.221151307,-0.169108808,0.279320836,0,-0.0254470706,0.0207793117,-0.0124723911,0,0,0,0,0,0
ep_0014,2,0.196908295,-0.131877556,0.28049159,0,-0.0242430121,0.0372312516,0.00117075443,0,0,0,0,0,0
ep_0014,3,0.174075738,-0.106169656,0.262571156,0,-0.0228325576,0.0257079005,-0.0179204345,0,0,0,0,0,0
ep_0014,4,0.154553711,-0.0710136816,0.259241641,0,-0.0195220262,0.0351559743,-0.00332951546,0,0,0,0,0,0
ep_0014,5,0.131444097,-0.0394945666,0.250018775,0,-0.0231096148,0.031519115,-0.0092228651,0,0,0,0,0,0
ep_0014,6,0.109097853,-0.0147998706,0.23626931,0,-0.0223462433,0.0246946961,-0.0137494653,0,0,0,0,0,0
ep_0014,7,0.0798029602,0.0151222711,0.236123979,0,-0.0292948931,0.0299221426,-0.000145331025,0,0,0,0,0,0
ep_0014,8,0.0628187805,0.0531524941,0.222581089,0,-0.0169841796,0.0380302221,-0.0135428905,0,0,0,0,0,0
ep_0014,9,0.0319531336,0.0756902024,0.208164155,0,-0.0308656469,0.0225377083,-0.0144169331,0,0,0,0,0,0
ep_0014,10,0.00217450457,0.108213715,0.195817336,0,-0.0297786295,0.0325235128,-0.012346819,0,0,0,0,0,0
ep_0014,11,-0.0158615299,0.144661263,0.194332927,0,-0.018036034,0.0364475474,-0.00148440897,0,0,1,0,0,0
ep_0014,12,-0.0431417041,0.175407842,0.182858825,0,-0.0272801742,0.0307465792,-0.0114741027,0,0,1,0,0,0
ep_0014,13,-0.0352704339,0.17385371,0.166414544,0,0.00787127018,-0.00155413151,-0.0164442807,0,0,1,0,0,0
ep_0014,14,-0.0350562371,0.168092147,0.139083788,0,0.000214196742,-0.00576156378,-0.0273307562,0,0,1,0,0,0
ep_0014,15,-0.0397407189,0.174412519,0.126280978,0,-0.00468448177,0.00632037222,-0.0128028095,0,0,1,0,0,0
ep_0014,16,-0.0370170847,0.175021201,0.105410516,0,0.00272363424,0.000608682632,-0.0208704621,0,0,1,0,0,0
ep_0014,17,-0.0432997756,0.174278051,0.0888468772,0,-0.00628269091,-0.000743150711,-0.016563639,0,0,1,0,0,0
ep_0014,18,-0.0346709676,0.174434841,0.0610855073,0,0.00862880796,0.000156790018,-0.0277613699,0,0,1,0,0,0
ep_0015,0,0.144101083,-0.0755395442,0.270862162,0,0,0,0,0,1,0,0,0,0
ep_0015,1,0.136793375,-0.0743473172,0.264319152,0,-0.00730770826,0.00119222701,-0.00654301047,0,1,0,0,0,0
ep_0015,2,0.142165914,-0.0686544031,0.260750711,0,0.00537253916,0.00569291413,-0.00356844068,0,1,0,0,0,0
ep_0015,3,0.121829435,-0.0768615976,0.249950007,0,-0.0203364789,-0.00820719451,-0.0108007044,0,1,0,0,0,0
ep_0015,4,0.116121523,-0.0804469809,0.243579477,0,-0.00570791215,-0.0035853833,-0.00637052953,0,1,0,0,0,0
ep_0015,5,0.109972902,-0.076600574,0.24437204,0,-0.00614862144,0.00384640694,0.000792562962,0,1,0,0,0,0
ep_0015,6,0.10450881,-0.0788009316,0.234877095,0,-0.0054640919,-0.00220035762,-0.00949494541,0,1,0,0,0,0
ep_0015,7,0.0890634134,-0.069172889,0.220040172,0,-0.0154453963,0.00962804258,-0.0148369223,0,1,0,0,0,0
ep_0015,8,0.0930682793,-0.0767054632,0.217678353,0,0.00400486588,-0.00753257424,-0.00236181915,0,1,0,0,0,0
ep_0015,9,0.0791487396,-0.0761045814,0.216523141,0,-0.0139195397,0.000600881875,-0.00115521252,0,1,0,0,0,0
ep_0015,10,0.0710142255,-0.0660938621,0.206517413,0,-0.00813451409,0.0100107193,-0.0100057274,0,1,0,0,0,0
ep_0015,11,0.064091295,-0.0750815645,0.199420512,0,-0.00692293048,-0.00898770243,-0.00709690154,0,1,1,0,0,0
ep_0015,12,0.0637275502,-0.0736480057,0.193745211,0,-0.000363744795,0.00143355876,-0.00567530096,0,1,1,0,0,0
ep_0015,13,0.0578672104,-0.0753715709,0.177725032,0,-0.00586033985,-0.00172356516,-0.0160201788,0,1,1,0,0,0
ep_0015,14,0.0560538545,-0.0672238469,0.149097696,0,-0.00181335583,0.00814772397,-0.028627336,0,1,1,0,0,0
ep_0015,15,0.0618561655,-0.0680374429,0.137501433,0,0.005802311,-0.000813595951,-0.0115962625,0,1,1,0,0,0
ep_0015,16,0.0592742749,-0.0723921657,0.123531289,0,-0.00258189067,-0.0043547228,-0.0139701441,0,1,1,0,0,0
ep_0015,17,0.0598739944,-0.069661431,0.0945836008,0,0.000599719584,0.00273073465,-0.0289476886,0,1,1,0,0,0
ep_0015,18,0.0561342239,-0.0641452596,0.080041416,0,-0.0037397705,0.00551617146,-0.0145421848,0,1,1,0,0,0
ep_0015,19,0.0558512099,-0.0752025619,0.0634754524,1,-0.000283014029,-0.0110573024,-0.0165659636,1,1,1,1,0,0
ep_0015,20,0.0571084954,-0.065560624,0.043135073,1,0.00125728548,0.00964193791,-0.0203403793,1,1,1,1,0,0
ep_0015,21,0.047184702,-0.0656898618,0.0579061285,1,-0.00992379338,-0.000129237771,0.0147710554,1,1,1,1,0,0
ep_0015,22,0.0375690684,-0.0488289557,0.0617219955,1,-0.00961563364,0.016860906,0.00381586701,1,1,1,1,0,0
ep_0015,23,0.0143602621,-0.0367676318,0.0691994727,1,-0.0232088063,0.012061324,0.00747747719,1,1,1,1,0,0
ep_0015,24,0.00511730416,-0.0276367813,0.0818974972,1,-0.00924295746,0.00913085043,0.0126980245,1,1,1,1,0,0
ep_0015,25,-0.0111557869,-0.00799780898,0.088187553,1,-0.0162730906,0.0196389724,0.00629005581,1,1,1,1,0,0
ep_0015,26,-0.0256671477,-0.00712618418,0.0927028209,1,-0.0145113608,0.000871624798,0.00451526791,1,1,1,1,0,0
ep_0015,27,-0.0384082012,0.00560746389,0.101652794,1,-0.0127410535,0.0127336476,0.00894997269,1,1,1,1,0,0
ep_0015,28,-0.0476500019,0.0181201994,0.111768991,1,-0.00924180076,0.012512736,0.0101161972,1,1,1,1,0,0
ep_0015,29,-0.0625824109,0.0297433455,0.12208429,1,-0.0149324089,0.011623146,0.010315299,1,1,1,1,0,0
ep_0015,30,-0.0798096359,0.0419384874,0.130781844,1,-0.017227225,0.012195142,0.00869755447,1,1,1,1,0,0
ep_0015,31,-0.0914185718,0.0514670871,0.138960734,1,-0.0116089359,0.00952859968,0.00817888975,1,1,1,1,0,0
ep_0015,32,-0.109656379,0.0624307506,0.148101702,1,-0.0182378069,0.0109636635,0.00914096832,1,1,1,1,0,0
ep_0015,33,-0.129950866,0.0642481893,0.159368366,1,-0.0202944875,0.00181743875,0.0112666637,1,1,1,1,0,1
ep_0015,34,-0.145507812,0.0848699659,0.160841465,1,-0.0155569464,0.0206217766,0.00147309899,1,1,1,1,0,1
ep_0015,35,-0.140789673,0.0854684561,0.149280697,1,0.00471813977,0.000598490238,-0.0115607679,1,1,1,1,0,1
ep_0015,36,-0.137776062,0.0963708982,0.126611039,1,0.00301361084,0.010902442,-0.0226696581,1,1,1,1,0,1
ep_0015,37,-0.132704124,0.085127756,0.0996637046,1,0.00507193804,-0.0112431422,-0.0269473344,1,1,1,1,0,1
ep_0015,38,-0.137182891,0.0854684636,0.0894647315,1,-0.00447876751,0.0003407076,-0.0101989731,1,1,1,1,0,1
ep_0015,39,-0.135810405,0.0853092521,0.0572580472,1,0.00137248635,-0.000159211457,-0.0322066844,1,1,1,1,0,1
ep_0015,40,-0.132252783,0.0870692879,0.0337520652,1,0.00355762243,0.00176003575,-0.023505982,1,1,1,1,0,1
ep_0015,41,-0.137196198,0.0844559073,0.0127900261,0,-0.00494341552,-0.00261338055,-0.020962039,0,1,1,1,1,1
ep_0016,0,-0.178846419,0.197360069,0.320794642,0,0,0,0,0,1,0,0,0,0
ep_0016,1,-0.160767153,0.166356981,0.303330064,0,0.018079266,-0.0310030878,-0.0174645782,0,1,0,0,0,0
ep_0016,2,-0.156313896,0.139646918,0.296553969,0,0.00445325673,-0.0267100632,-0.00677609444,0,1,0,0,0,0
ep_0016,3,-0.136298656,0.118876792,0.279311508,0,0.0200152397,-0.0207701251,-0.0172424614,0,1,0,0,0,0
ep_0016,4,-0.119293645,0.0862833187,0.278588057,0,0.0170050114,-0.0325934738,-0.000723451376,0,1,0,0,0,0
ep_0016,5,-0.0992654562,0.0671086982,0.256095737,0,0.0200281888,-0.0191746205,-0.0224923193,0,1,0,0,0,0
ep_0016,6,-0.0749183744,0.0393594839,0.238484085,0,0.0243470818,-0.0277492143,-0.0176116526,0,1,0,0,0,0
ep_0016,7,-0.0569839887,0.00860588718,0.229386777,0,0.0179343857,-0.0307535976,-0.00909730792,0,1,0,0,0,0
ep_0016,8,-0.042731449,-0.0213044751,0.216807395,0,0.0142525397,-0.0299103633,-0.0125793815,0,1,0,0,0,0
ep_0016,9,-0.0325791873,-0.0427048616,0.206545621,0,0.0101522617,-0.0214003865,-0.0102617741,0,1,0,0,0,0
ep_0016,10,-0.0141882375,-0.0687123239,0.192796484,0,0.0183909498,-0.0260074623,-0.0137491375,0,1,0,0,0,0
ep_0016,11,0.00262932293,-0.0966099128,0.18163693,0,0.0168175604,-0.0278975889,-0.0111595541,0,1,1,0,0,0
ep_0016,12,0.0191337131,-0.122315429,0.160985231,0,0.0165043902,-0.0257055163,-0.0206516981,0,1,1,0,0,0
ep_0016,13,0.021983549,-0.122895338,0.145125136,0,0.0028498359,-0.00057990849,-0.0158600956,0,1,1,0,0,0
ep_0016,14,0.0219008476,-0.128251702,0.126587257,0,-8.27014446e-05,-0.00535636395,-0.018537879,0,1,1,0,0,0
ep_0016,15,0.0246517994,-0.123805389,0.109627999,0,0.0027509518,0.00444631279,-0.0169592574,0,1,1,0,0,0
ep_0016,16,0.0238090958,-0.120545126,0.0928342864,0,-0.000842703506,0.00326026231,-0.016793713,0,1,1,0,0,0
ep_0016,17,0.0263054632,-0.12351948,0.0719280019,0,0.00249636732,-0.00297435373,-0.0209062845,0,1,1,0,0,0
ep_0016,18,0.0186396055,-0.128159121,0.0511656031,0,-0.00766585767,-0.00463964045,-0.0207623988,0,1,1,0,0,0
ep_0016,19,0.0221763719,-0.128368348,0.0383751728,1,0.00353676639,-0.000209227204,-0.0127904303,1,1,1,1,0,0
ep_0016,20,0.0187643822,-0.127320215,0.0188304186,1,-0.00341198966,0.00104813278,-0.0195447542,1,1,1,1,0,0
ep_0016,21,0.0211429466,-0.114128165,0.0330696702,1,0.00237856433,0.0131920502,0.0142392516,1,1,1,1,0,0
ep_0016,22,0.0236426964,-0.118591815,0.0324797034,1,0.00249974988,-0.00446365029,-0.000589966774,1,1,1,1,0,0
ep_0016,23,0.0144353565,-0.116198905,0.0563147292,1,-0.00920733996,0.00239291042,0.0238350257,1,1,1,1,0,0
ep_0016,24,0.0160562228,-0.108704954,0.0654570982,1,0.00162086636,0.00749395043,0.00914236903,1,1,1,1,0,0
ep_0016,25,0.0210740715,-0.111292578,0.0794915706,1,0.00501784869,-0.00258762389,0.0140344724,1,1,1,1,0,0
ep_0016,26,0.0191111006,-0.0997872651,0.0867498443,1,-0.00196297094,0.0115053132,0.00725827366,1,1,1,1,0,0
ep_0016,27,0.0266252719,-0.0993994698,0.105254993,1,0.0075141713,0.000387795269,0.0185051486,1,1,1,1,0,0
ep_0016,28,0.0219767187,-0.0890895054,0.122344613,1,-0.00464855321,0.0103099644,0.0170896202,1,1,1,1,0,0
ep_0016,29,0.0225001629,-0.098248221,0.13245526,1,0.000523444265,-0.00915871561,0.0101106465,1,1,1,1,0,0
ep_0016,30,0.0232435763,-0.0914054289,0.139434338,1,0.000743413344,0.00684279203,0.00697907805,1,1,1,1,0,0
ep_0016,31,0.021897113,-0.0924087614,0.157092392,1,-0.00134646334,-0.00100333244,0.0176580548,1,1,1,1,0,0
ep_0016,32,0.0215092134,-0.0806998163,0.165844828,1,-0.000387899578,0.011708945,0.00875243545,1,1,1,1,0,0
ep_0016,33,0.0187996421,-0.0830662698,0.176189691,1,-0.00270957127,-0.00236645341,0.0103448629,1,1,1,1,0,1
ep_0016,34,0.0208750162,-0.0733237416,0.193129316,1,0.00207537413,0.0097425282,0.0169396251,1,1,1,1,0,1
ep_0016,35,0.0271532983,-0.0777516663,0.162957147,1,0.00627828203,-0.00442792475,-0.0301721692,1,1,1,1,0,1
ep_0016,36,0.0205347296,-0.0772536695,0.148092747,1,-0.00661856867,0.000497996807,-0.0148644,1,1,1,1,0,1
ep_0016,37,0.0184168704,-0.0813632831,0.125325665,1,-0.0021178592,-0.0041096136,-0.0227670819,1,1,1,1,0,1
ep_0016,38,0.0194525123,-0.0774261951,0.106224,1,0.00103564188,0.00393708795,-0.0191016644,1,1,1,1,0,1
ep_0016,39,0.0234647729,-0.0728114024,0.086339049,1,0.00401226059,0.00461479276,-0.0198849514,1,1,1,1,0,1
ep_0016,40,0.0138866967,-0.0727597103,0.0662024245,1,-0.00957807619,5.16921282e-05,-0.0201366246,1,1,1,1,0,1
ep_0016,41,0.0226144567,-0.0753710866,0.0471990444,0,0.00872776005,-0.00261137635,-0.0190033801,0,1,1,1,1,1
ep_0017,0,0.150202155,-0.0514160022,0.404138535,0,0,0,0,0,1,0,0,0,0
ep_0017,1,0.133130223,-0.0616321228,0.380558014,0,-0.0170719326,-0.0102161206,-0.0235805213,0,1,0,0,0,0
ep_0017,2,0.124278367,-0.0610806309,0.362912625,0,-0.00885185599,0.000551491976,-0.0176453888,0,1,0,0,0,0
ep_0017,3,0.113259256,-0.0692777783,0.343022525,0,-0.0110191107,-0.0081971474,-0.0198900998,0,1,0,0,0,0
ep_0017,4,0.104331426,-0.0767460987,0.320236951,0,-0.00892782956,-0.00746832043,-0.0227855742,0,1,0,0,0,0
ep_0017,5,0.0870106518,-0.083225891,0.302050352,0,-0.0173207745,-0.0064797923,-0.018186599,0,1,0,0,0,0
ep_0017,6,0.0674537197,-0.0887204558,0.287279844,0,-0.0195569322,-0.00549456477,-0.0147705078,0,1,0,0,0,0
ep_0017,7,0.0594791435,-0.0901279896,0.272956371,0,-0.00797457621,-0.00140753388,-0.014323473,0,1,0,0,0,0
ep_0017,8,0.0477653667,-0.100012869,0.254951239,0,-0.0117137767,-0.00988487899,-0.0180051327,0,1,0,0,0,0
ep_0017,9,0.0299625788,-0.105345428,0.236766025,0,-0.0178027879,-0.00533255935,-0.0181852132,0,1,0,0,0,0
ep_0017,10,0.00379887316,-0.110823587,0.223082066,0,-0.0261637047,-0.00547815859,-0.0136839598,0,1,0,0,0,0
ep_0017,11,0.000338248792,-0.116740055,0.202756435,0,-0.00346062426,-0.0059164688,-0.0203256309,0,1,1,0,0,0
ep_0017,12,-0.0177644808,-0.131258875,0.183083832,0,-0.0181027297,-0.0145188197,-0.0196726024,0,1,1,0,0,0
ep_0017,13,-0.0159952659,-0.133841619,0.169306919,0,0.00176921487,-0.00258274376,-0.0137769133,0,1,1,0,0,0
ep_0017,14,-0.0207449459,-0.130172879,0.150562868,0,-0.00474967994,0.00366874039,-0.0187440515,0,1,1,0,0,0
ep_0017,15,-0.0149271879,-0.133973688,0.132213458,0,0.00581775792,-0.00380080938,-0.0183494091,0,1,1,0,0,0
ep_0017,16,-0.0107193552,-0.1269041,0.113927916,0,0.00420783274,0.00706958771,-0.0182855427,0,1,1,0,0,0
ep_0017,17,-0.0115994383,-0.124701865,0.0943827555,0,-0.000880083069,0.00220223516,-0.0195451602,0,1,1,0,0,0
ep_0017,18,-0.020692829,-0.129437119,0.0753922462,0,-0.00909339078,-0.00473525375,-0.0189905092,0,1,1,0,0,0
ep_0017,19,-0.0220810808,-0.123491943,0.0591039471,1,-0.00138825178,0.00594517589,-0.0162882991,1,1,1,1,0,0
ep_0017,20,-0.0197996832,-0.132296041,0.0397591963,1,0.00228139758,-0.00880409777,-0.0193447508,1,1,1,1,0,0
ep_0017,21,-0.00477799261,-0.111608781,0.05014259,1,0.0150216911,0.0206872597,0.0103833936,1,1,1,1,0,0
ep_0017,22,0.00154218543,-0.113304913,0.0625204891,1,0.00632017804,-0.00169613212,0.0123778991,1,1,1,1,0,0
ep_0017,23,0.012119038,-0.0966033787,0.0683549717,1,0.0105768526,0.0167015344,0.00583448261,1,1,1,1,0,0
ep_0017,24,0.0169047117,-0.0797543973,0.0834756717,1,0.00478567369,0.0168489814,0.0151207,1,1,1,1,0,0
ep_0017,25,0.0322052799,-0.0739022791,0.0871058702,1,0.0153005682,0.00585211813,0.00363019854,1,1,1,1,0,0
ep_0017,26,0.038601242,-0.0664695874,0.102216348,1,0.00639596209,0.00743269175,0.0151104778,1,1,1,1,0,0
ep_0017,27,0.0486309417,-0.0605921708,0.117507145,1,0.0100296997,0.00587741658,0.0152907968,1,1,1,1,0,0
ep_0017,28,0.0507828407,-0.0473357998,0.130952537,1,0.00215189904,0.013256371,0.0134453923,1,1,1,1,0,0
ep_0017,29,0.0685735196,-0.0383505225,0.141680434,1,0.0177906789,0.00898527727,0.0107278973,1,1,1,1,0,0
ep_0017,30,0.0659403503,-0.0368736498,0.157040507,1,-0.00263316929,0.00147687271,0.0153600723,1,1,1,1,0,0
ep_0017,31,0.0818560421,-0.0190473329,0.1570476,1,0.0159156919,0.0178263169,7.09295273e-06,1,1,1,1,0,0
ep_0017,32,0.0897663757,-0.0148688024,0.176419899,1,0.00791033357,0.00417853054,0.0193722993,1,1,1,1,0,0
ep_0017,33,0.0954594985,0.00381248584,0.186914325,1,0.00569312274,0.0186812878,0.0104944259,1,1,1,1,0,1
ep_0017,34,0.10742832,0.00886041578,0.197278127,1,0.0119688213,0.00504792994,0.0103638023,1,1,1,1,0,1
ep_0017,35,0.0973263681,0.0158302914,0.175873116,1,-0.0101019517,0.00696987566,-0.0214050114,1,1,1,1,0,1
ep_0017,36,0.103827536,0.0134493625,0.158662602,1,0.00650116801,-0.00238092896,-0.0172105134,1,1,1,1,0,1
ep_0017,37,0.103451878,0.0120483562,0.130649269,1,-0.000375658274,-0.00140100624,-0.0280133337,1,1,1,1,0,1
ep_0017,38,0.102016494,0.0139801335,0.109884948,1,-0.00143538415,0.00193177722,-0.0207643211,1,1,1,1,0,1
ep_0017,39,0.103543073,0.00952815451,0.0926091895,1,0.00152657926,-0.00445197895,-0.0172757581,1,1,1,1,0,1
ep_0017,40,0.100222789,0.00461129006,0.0635833889,1,-0.00332028419,-0.00491686445,-0.0290258005,1,1,1,1,0,1
ep_0017,41,0.104839094,0.0105142044,0.0441472791,0,0.00461630523,0.00590291433,-0.0194361098,0,1,1,1,1,1
ep_0018,0,0.049976863,-0.135768637,0.312470764,0,0,0,0,0,1,0,0,0,0
ep_0018,1,0.0573733039,-0.116696313,0.300114453,0,0.00739644095,0.019072324,-0.0123563111,0,1,0,0,0,0
ep_0018,2,0.053130284,-0.102805771,0.292190433,0,-0.00424301997,0.0138905421,-0.00792402029,0,1,0,0,0,0
ep_0018,3,0.0667195097,-0.0932306051,0.281352162,0,0.0135892257,0.00957516581,-0.0108382702,0,1,0,0,0,0
ep_0018,4,0.0757918954,-0.0736350343,0.27272141,0,0.00907238573,0.0195955709,-0.00863075256,0,1,0,0,0,0
ep_0018,5,0.0749869198,-0.0608953312,0.246560678,0,-0.000804975629,0.0127397031,-0.0261607319,0,1,0,0,0,0
ep_0018,6,0.0805524513,-0.0361759588,0.242590949,0,0.00556553155,0.0247193724,-0.00396972895,0,1,0,0,0,0
ep_0018,7,0.0951736867,-0.032915134,0.226751745,0,0.0146212354,0.00326082483,-0.0158392042,0,1,0,0,0,0
ep_0018,8,0.101092353,-0.00897146948,0.225628287,0,0.00591866672,0.0239436645,-0.00112345815,0,1,0,0,0,0
ep_0018,9,0.107163869,0.00788747985,0.214935631,0,0.00607151538,0.0168589503,-0.010692656,0,1,0,0,0,0
ep_0018,10,0.106304161,0.0299190879,0.19671905,0,-0.000859707594,0.022031609,-0.0182165802,0,1,0,0,0,0
ep_0018,11,0.119198173,0.0406363904,0.187296852,0,0.012894012,0.0107173026,-0.00942219794,0,1,1,0,0,0
ep_0018,12,0.127820775,0.0579736568,0.1843573,0,0.00862260163,0.0173372664,-0.00293955207,0,1,1,0,0,0
ep_0018,13,0.126460582,0.0576900542,0.159965172,0,-0.00136019289,-0.000283602625,-0.024392128,0,1,1,0,0,0
ep_0018,14,0.127213538,0.0555239283,0.14319548,0,0.000752955675,-0.00216612592,-0.0167696923,0,1,1,0,0,0
ep_0018,15,0.134602457,0.0602075234,0.118465334,0,0.00738891959,0.00468359515,-0.0247301459,0,1,1,0,0,0
ep_0018,16,0.127535716,0.0548204258,0.0973967239,0,-0.00706674159,-0.0053870976,-0.0210686103,0,1,1,0,0,0
ep_0018,17,0.127373353,0.0556689352,0.0823981315,0,-0.000162363052,0.000848509371,-0.0149985924,0,1,1,0,0,0
ep_0018,18,0.122596972,0.0624978691,0.0632980317,0,-0.00477638096,0.00682893395,-0.0191000998,0,1,1,0,0,0
ep_0018,19,0.13017036,0.058244545,0.0530128479,1,0.00757338852,-0.00425332412,-0.0102851838,1,1,1,1,0,0
ep_0018,20,0.127872646,0.0564000718,0.03294608,1,-0.00229771435,-0.00184447318,-0.0200667679,1,1,1,1,0,0
ep_0018,21,0.125188217,0.0587065406,0.0371772721,1,-0.00268442929,0.00230646878,0.00423119217,1,1,1,1,0,0
ep_0018,22,0.113990538,0.0588519797,0.0608819127,1,-0.0111976787,0.000145439059,0.0237046406,1,1,1,1,0,0
ep_0018,23,0.110072747,0.0603967272,0.0650531799,1,-0.00391779095,0.0015447475,0.00417126715,1,1,1,1,0,0
ep_0018,24,0.106924221,0.0652814135,0.0642228723,1,-0.00314852595,0.00488468632,-0.000830307603,1,1,1,1,0,0
ep_0018,25,0.0994703546,0.0602276959,0.0822769105,1,-0.0074538663,-0.00505371764,0.0180540383,1,1,1,1,0,0
ep_0018,26,0.0991694704,0.0676350296,0.0889877081,1,-0.000300884247,0.0074073337,0.00671079755,1,1,1,1,0,0
ep_0018,27,0.0983303711,0.0547080711,0.0953833237,1,-0.000839099288,-0.0129269585,0.00639561564,1,1,1,1,0,0
ep_0018,28,0.0916143805,0.0670646057,0.107416153,1,-0.0067159906,0.0123565346,0.0120328292,1,1,1,1,0,0
ep_0018,29,0.0814321414,0.0700131878,0.121569738,1,-0.0101822391,0.00294858217,0.0141535848,1,1,1,1,0,0
ep_0018,30,0.0721508712,0.0592502393,0.130210519,1,-0.00928127021,-0.0107629485,0.00864078104,1,1,1,1,0,0
ep_0018,31,0.0734752193,0.0622554384,0.141782582,1,0.00132434815,0.00300519913,0.011572063,1,1,1,1,0,0
ep_0018,32,0.0711327791,0.0648926795,0.148227036,1,-0.00234244019,0.00263724104,0.00644445419,1,1,1,1,0,0
ep_0018,33,0.0732088983,0.0643927455,0.157552361,1,0.00207611918,-0.000499933958,0.00932532549,1,1,1,1,0,1
ep_0018,34,0.0625846684,0.067602247,0.167543814,1,-0.0106242299,0.0032095015,0.0099914521,1,1,1,1,0,1
ep_0018,35,0.0559189729,0.0659530237,0.153611705,1,-0.00666569546,-0.00164922327,-0.0139321089,1,1,1,1,0,1
ep_0018,36,0.0572209023,0.0658944845,0.128766268,1,0.00130192935,-5.85392118e-05,-0.0248454362,1,1,1,1,0,1
ep_0018,37,0.0663789436,0.0681894794,0.104736596,1,0.00915804133,0.00229499489,-0.0240296721,1,1,1,1,0,1
ep_0018,38,0.0638893992,0.0635213181,0.0856321976,1,-0.00248954445,-0.00466816127,-0.0191043988,1,1,1,1,0,1
ep_0018,39,0.0627257898,0.0634703264,0.0633665323,1,-0.00116360933,-5.09917736e-05,-0.0222656652,1,1,1,1,0,1
ep_0018,40,0.0674307719,0.0645770505,0.0487341657,1,0.00470498204,0.00110672414,-0.0146323666,1,1,1,1,0,1
ep_0018,41,0.0642617792,0.062934652,0.0187140331,0,-0.0031689927,-0.00164239854,-0.0300201327,0,1,1,1,1,1
ep_0019,0,0.263124317,-0.0991925225,0.206915498,0,0,0,0,0,1,0,0,0,0
ep_0019,1,0.236831501,-0.10753864,0.214010581,0,-0.0262928158,-0.00834611803,0.00709508359,0,1,0,0,0,0
ep_0019,2,0.202709749,-0.109665982,0.21339342,0,-0.0341217518,-0.00212734193,-0.000617161393,0,1,0,0,0,0
ep_0019,3,0.179248124,-0.124041639,0.21265769,0,-0.023461625,-0.0143756568,-0.000735729933,0,1,0,0,0,0
ep_0019,4,0.15617235,-0.124085702,0.20429109,0,-0.0230757743,-4.40627337e-05,-0.00836659968,0,1,0,0,0,0
ep_0019,5,0.124456987,-0.127575427,0.208674446,0,-0.0317153633,-0.00348972529,0.00438335538,0,1,0,0,0,0
ep_0019,6,0.0882609859,-0.136246651,0.200210512,0,-0.0361960009,-0.00867122412,-0.00846393406,0,1,0,0,0,0
ep_0019,7,0.0690213218,-0.144294068,0.200013757,0,-0.0192396641,-0.00804741681,-0.000196754932,0,1,0,0,0,0
ep_0019,8,0.0422508046,-0.154121816,0.207755297,0,-0.0267705172,-0.00982774794,0.00774154067,0,1,0,0,0,0
ep_0019,9,0.00367730716,-0.161438957,0.206289217,0,-0.038573496,-0.0073171407,-0.00146608055,0,1,0,0,0,0
ep_0019,10,-0.0241440423,-0.169450477,0.201729879,0,-0.027821349,-0.00801151991,-0.00455933809,0,1,0,0,0,0
ep_0019,11,-0.0479884669,-0.175940663,0.204450577,0,-0.0238444246,-0.00649018586,0.00272069871,0,1,1,0,0,0
ep_0019,12,-0.0669987872,-0.173940495,0.19354412,0,-0.0190103203,0.00200016797,-0.0109064579,0,1,1,0,0,0
ep_0019,13,-0.0769149214,-0.179127619,0.180297717,0,-0.00991613418,-0.00518712401,-0.0132464021,0,1,1,0,0,0
ep_0019,14,-0.0776736587,-0.179842159,0.160788998,0,-0.000758737326,-0.000714540482,-0.0195087194,0,1,1,0,0,0
ep_0019,15,-0.0738274157,-0.184399575,0.139065608,0,0.00384624302,-0.00455741584,-0.0217233896,0,1,1,0,0,0
ep_0019,16,-0.0704280883,-0.182443067,0.122414164,0,0.0033993274,0.00195650756,-0.0166514441,0,1,1,0,0,0
ep_0019,17,-0.0721112788,-0.178609699,0.10221976,0,-0.00168319046,0.00383336842,-0.0201944038,0,1,1,0,0,0
ep_0019,18,-0.0729178265,-0.180711031,0.0873927027,0,-0.000806547701,-0.00210133195,-0.0148270577,0,1,1,0,0,0
ep_0019,19,-0.0762986988,-0.177290723,0.0628837496,1,-0.00338087231,0.00342030823,-0.0245089531,1,1,1,1,0,0
ep_0019,20,-0.0682119504,-0.183428124,0.0466454439,1,0.00808674842,-0.00613740087,-0.0162383057,1,1,1,1,0,0
ep_0019,21,-0.0638951212,-0.182058394,0.0591422543,1,0.00431682914,0.00136972964,0.0124968104,1,1,1,1,0,0
ep_0019,22,-0.0508704782,-0.177739486,0.0668991804,1,0.0130246431,0.00431890786,0.00775692612,1,1,1,1,0,0
ep_0019,23,-0.043112006,-0.182945445,0.078168489,1,0.00775847211,-0.00520595908,0.0112693086,1,1,1,1,0,0
ep_0019,24,-0.0313824825,-0.171728611,0.0924950391,1,0.0117295235,0.0112168342,0.0143265501,1,1,1,1,0,0
ep_0019,25,-0.0174064655,-0.154888168,0.105946332,1,0.013976017,0.016840443,0.0134512931,1,1,1,1,0,0
ep_0019,26,-0.00797888916,-0.153967127,0.112527944,1,0.00942757633,0.000921040773,0.00658161193,1,1,1,1,0,0
ep_0019,27,-0.00322616939,-0.161530241,0.122754134,1,0.00475271977,-0.00756311417,0.0102261901,1,1,1,1,0,0
ep_0019,28,0.0155472327,-0.152530655,0.125431895,1,0.018773403,0.00899958611,0.00267776102,1,1,1,1,0,0
ep_0019,29,0.0158117637,-0.150928989,0.132647917,1,0.000264531001,0.00160166621,0.00721602142,1,1,1,1,0,0
ep_0019,30,0.0316091478,-0.135166749,0.150709376,1,0.0157973841,0.0157622397,0.0180614591,1,1,1,1,0,0
ep_0019,31,0.0444751158,-0.139726475,0.16136077,1,0.012865968,-0.00455972552,0.0106513947,1,1,1,1,0,0
ep_0019,32,0.0489665046,-0.138743281,0.16849345,1,0.0044913888,0.000983193517,0.00713267922,1,1,1,1,0,0
ep_0019,33,0.0626297444,-0.136325672,0.184704646,1,0.0136632398,0.0024176091,0.0162111968,1,1,1,1,0,1
ep_0019,34,0.0699743479,-0.130394101,0.182984397,1,0.00734460354,0.00593157113,-0.00172024965,1,1,1,1,0,1
ep_0019,35,0.0737729892,-0.130396426,0.171601534,1,0.00379864126,-2.32458115e-06,-0.0113828629,1,1,1,1,0,1
ep_0019,36,0.0803429037,-0.12728174,0.156693175,1,0.00656991452,0.00311468542,-0.0149083585,1,1,1,1,0,1
ep_0019,37,0.0743684173,-0.128821328,0.121351063,1,-0.00597448647,-0.00153958797,-0.0353421122,1,1,1,1,0,1
ep_0019,38,0.0766060948,-0.13135387,0.103394851,1,0.00223767757,-0.00253254175,-0.0179562122,1,1,1,1,0,1
ep_0019,39,0.0791638568,-0.129367396,0.0867750719,1,0.00255776197,0.0019864738,-0.0166197792,1,1,1,1,0,1
ep_0019,40,0.0744631216,-0.130062461,0.0701580346,1,-0.00470073521,-0.000695064664,-0.0166170374,1,1,1,1,0,1
ep_0019,41,0.068680793,-0.130303919,0.0382422507,0,-0.00578232855,-0.000241458416,-0.0319157839,0,1,1,1,1,1
ep_0020,0,-0.0747378543,0.14845641,0.344406813,0,0,0,0,0,1,0,0,0,0
ep_0020,1,-0.0771884248,0.129420638,0.330373466,0,-0.00245057046,-0.0190357715,-0.0140333474,0,1,0,0,0,0
ep_0020,2,-0.0689672232,0.119415514,0.31297794,0,0.0082212016,-0.0100051239,-0.0173955262,0,1,0,0,0,0
ep_0020,3,-0.0671544969,0.109178126,0.304856569,0,0.00181272626,-0.0102373883,-0.00812137127,0,1,0,0,0,0
ep_0020,4,-0.0534454025,0.104308687,0.286683053,0,0.0137090944,-0.00486943871,-0.0181735158,0,1,0,0,0,0
ep_0020,5,-0.0455929115,0.100616969,0.275989443,0,0.00785249099,-0.00369171798,-0.0106936097,0,1,0,0,0,0
ep_0020,6,-0.0394518115,0.0784647539,0.257297873,0,0.00614110008,-0.0221522152,-0.0186915696,0,1,0,0,0,0
ep_0020,7,-0.0312988535,0.0659235269,0.249145821,0,0.00815295801,-0.012541227,-0.00815205276,0,1,0,0,0,0
ep_0020,8,-0.0256131534,0.0575786941,0.238311112,0,0.0056857001,-0.00834483281,-0.0108347088,0,1,0,0,0,0
ep_0020,9,-0.0191258248,0.0499841422,0.22016421,0,0.00648732856,-0.00759455189,-0.0181469023,0,1,0,0,0,0
ep_0020,10,-0.0159390159,0.039708443,0.206642121,0,0.0031868089,-0.0102756992,-0.0135220885,0,1,0,0,0,0
ep_0020,11,-0.00911182631,0.0181464516,0.198033065,0,0.00682718959,-0.0215619914,-0.00860905647,0,1,1,0,0,0
ep_0020,12,-0.000619275845,0.0181929804,0.178759694,0,0.00849255081,4.65288758e-05,-0.0192733705,0,1,1,0,0,0
ep_0020,13,-0.0069695157,0.0146890962,0.161661282,0,-0.00635023974,-0.00350388419,-0.0170984119,0,1,1,0,0,0
ep_0020,14,-0.00587514183,0.0158895478,0.133084714,0,0.00109437387,0.00120045152,-0.0285765678,0,1,1,0,0,0
ep_0020,15,0.0060451068,0.0186646096,0.120309137,0,0.0119202491,0.00277506188,-0.0127755776,0,1,1,0,0,0
ep_0020,16,-0.0122798923,0.00966035947,0.107971042,0,-0.0183249991,-0.00900425017,-0.0123380944,0,1,1,0,0,0
ep_0020,17,-0.0112212878,0.0177301951,0.085156396,0,0.00105860457,0.0080698356,-0.0228146464,0,1,1,0,0,0
ep_0020,18,-0.00731392298,0.0083049126,0.0713920817,0,0.00390736479,-0.00942528248,-0.0137643144,0,1,1,0,0,0
ep_0020,19,0.00180355296,0.0178767927,0.0476427004,1,0.00911747571,0.0095718801,-0.0237493813,1,1,1,1,0,0
ep_0020,20,-0.00215393165,0.0234266296,0.034255974,1,-0.00395748485,0.0055498369,-0.0133867264,1,1,1,1,0,0
ep_0020,21,-0.0158532728,0.0181966946,0.0313030966,1,-0.0136993416,-0.00522993505,-0.00295287743,1,1,1,1,0,0
ep_0020,22,-0.0276368223,0.0172253307,0.0422946289,1,-0.0117835496,-0.000971363857,0.0109915324,1,1,1,1,0,0
ep_0020,23,-0.0356957242,0.014793342,0.0544114411,1,-0.00805890188,-0.00243198872,0.0121168122,1,1,1,1,0,0
ep_0020,24,-0.0423207283,0.0166951939,0.0614872463,1,-0.00662500411,0.00190185197,0.00707580522,1,1,1,1,0,0
ep_0020,25,-0.0500650331,0.0233865362,0.072488822,1,-0.00774430484,0.00669134222,0.0110015757,1,1,1,1,0,0
ep_0020,26,-0.0598607101,0.0189887043,0.0856134668,1,-0.00979567692,-0.00439783186,0.0131246448,1,1,1,1,0,0
ep_0020,27,-0.0728346109,0.0234417394,0.0903696641,1,-0.0129739009,0.00445303507,0.00475619733,1,1,1,1,0,0
ep_0020,28,-0.0795758143,0.0226110611,0.0984123424,1,-0.00674120337,-0.000830678269,0.00804267824,1,1,1,1,0,0
ep_0020,29,-0.0938979983,0.0234820843,0.112833738,1,-0.014322184,0.000871023163,0.014421396,1,1,1,1,0,0
ep_0020,30,-0.0992213488,0.0229458641,0.119284727,1,-0.00532335043,-0.000536220148,0.00645098835,1,1,1,1,0,0
ep_0020,31,-0.109196357,0.0221211538,0.122632124,1,-0.00997500867,-0.000824710354,0.00334739685,1,1,1,1,0,0
ep_0020,32,-0.124651007,0.0276738591,0.132110849,1,-0.0154546499,0.00555270538,0.00947872549,1,1,1,1,0,0
ep_0020,33,-0.126240879,0.0209208615,0.145676345,1,-0.00158987194,-0.00675299764,0.0135654956,1,1,1,1,0,1
ep_0020,34,-0.141214639,0.0290898308,0.154407412,1,-0.0149737597,0.0081689693,0.00873106718,1,1,1,1,0,1
ep_0020,35,-0.135304034,0.0262657236,0.133119583,1,0.00591060519,-0.00282410719,-0.0212878287,1,1,1,1,0,1
ep_0020,36,-0.136364624,0.0277392268,0.105849057,1,-0.00106059015,0.00147350319,-0.0272705257,1,1,1,1,0,1
ep_0020,37,-0.142455831,0.0274143387,0.0935188308,1,-0.00609120727,-0.000324888155,-0.0123302266,1,1,1,1,0,1
ep_0020,38,-0.139829963,0.0237760227,0.0721312389,1,0.00262586772,-0.00363831595,-0.021387592,1,1,1,1,0,1
ep_0020,39,-0.13607423,0.0247167386,0.0417111889,1,0.00375573337,0.000940715894,-0.03042005,1,1,1,1,0,1
ep_0020,40,-0.135862142,0.0157559216,0.0281068161,1,0.000212088227,-0.00896081701,-0.0136043727,1,1,1,1,0,1
ep_0020,41,-0.139579132,0.0296625663,0.00537880557,0,-0.00371699035,0.0139066447,-0.022728011,0,1,1,1,1,1
ep_0021,0,0.118403718,-0.248092964,0.259440839,0,0,0,0,0,1,0,0,0,0
ep_0021,1,0.123796858,-0.225969464,0.251472652,0,0.00539314002,0.0221235007,-0.00796818733,0,1,0,0,0,0
ep_0021,2,0.130843446,-0.198060825,0.243788511,0,0.00704658777,0.0279086381,-0.0076841414,0,1,0,0,0,0
ep_0021,3,0.134607598,-0.160978198,0.245653614,0,0.00376415253,0.0370826274,0.00186510384,0,1,0,0,0,0
ep_0021,4,0.13548395,-0.125185937,0.233095795,0,0.000876352191,0.0357922614,-0.0125578195,0,1,0,0,0,0
ep_0021,5,0.138728559,-0.089293845,0.227800205,0,0.00324460864,0.0358920917,-0.00529558957,0,1,0,0,0,0
ep_0021,6,0.148939684,-0.0592116863,0.225295037,0,0.010211125,0.0300821587,-0.00250516832,0,1,0,0,0,0
ep_0021,7,0.152825534,-0.029912034,0.219372898,0,0.00388585031,0.0292996522,-0.00592213869,0,1,0,0,0,0
ep_0021,8,0.15728499,0.00105130486,0.213329509,0,0.00445945561,0.0309633389,-0.00604338944,0,1,0,0,0,0
ep_0021,9,0.162941039,0.04087805,0.199683845,0,0.00565604866,0.0398267433,-0.0136456639,0,1,0,0,0,0
ep_0021,10,0.161417693,0.0698408559,0.199919492,0,-0.00152334571,0.0289628059,0.000235646963,0,1,0,0,0,0
ep_0021,11,0.171042979,0.100083172,0.192198679,0,0.00962528586,0.0302423164,-0.00772081316,0,1,1,0,0,0
ep_0021,12,0.176688537,0.131330699,0.182092279,0,0.00564555824,0.0312475264,-0.0101063997,0,1,1,0,0,0
ep_0021,13,0.173221543,0.130610794,0.170009747,0,-0.00346699357,-0.0007199049,-0.012082532,0,1,1,0,0,0
ep_0021,14,0.169690236,0.124369241,0.146883875,0,-0.00353130698,-0.00624155253,-0.023125872,0,1,1,0,0,0
ep_0021,15,0.171331301,0.126660034,0.126677737,0,0.00164106488,0.00229079276,-0.0202061385,0,1,1,0,0,0
ep_0021,16,0.162246466,0.136765704,0.112619914,0,-0.00908483565,0.0101056695,-0.0140578225,0,1,1,0,0,0
ep_0021,17,0.172507986,0.140117288,0.08775381,0,0.0102615207,0.00335158408,-0.0248661041,0,1,1,0,0,0
ep_0021,18,0.167275071,0.134710073,0.0739052668,0,-0.00523291528,-0.00540721416,-0.0138485432,0,1,1,0,0,0
ep_0021,19,0.171132848,0.133397654,0.0522724986,1,0.00385777652,-0.00131241977,-0.0216327682,1,1,1,1,0,0
ep_0021,20,0.172699735,0.131786361,0.0388101265,1,0.0015668869,-0.00161129236,-0.0134623721,1,1,1,1,0,0
ep_0021,21,0.157105565,0.109560199,0.0384180993,1,-0.0155941695,-0.0222261623,-0.000392027199,1,1,1,1,0,0
ep_0021,22,0.123794228,0.0785062015,0.0491093658,1,-0.0333113372,-0.0310539976,0.0106912665,1,1,1,1,0,0
ep_0021,23,0.101449154,0.0646092966,0.0599048175,1,-0.0223450735,-0.0138969049,0.0107954517,1,1,1,1,0,0
ep_0021,24,0.0789795443,0.0369967781,0.0756687298,1,-0.02246961,-0.0276125185,0.0157639123,1,1,1,1,0,0
ep_0021,25,0.0563466139,0.0129918866,0.0862583667,1,-0.0226329304,-0.0240048915,0.0105896369,1,1,1,1,0,0
ep_0021,26,0.0388000384,-0.0071565737,0.0949896201,1,-0.0175465755,-0.0201484598,0.00873125345,1,1,1,1,0,0
ep_0021,27,0.00875017792,-0.0376635417,0.108593047,1,-0.0300498605,-0.0305069685,0.0136034265,1,1,1,1,0,0
ep_0021,28,-0.00908691902,-0.0575460605,0.117992073,1,-0.017837096,-0.0198825188,0.00939902663,1,1,1,1,0,0
ep_0021,29,-0.0354723483,-0.0788407773,0.130956843,1,-0.0263854302,-0.0212947167,0.0129647702,1,1,1,1,0,0
ep_0021,30,-0.0509617366,-0.098477073,0.134657845,1,-0.0154893883,-0.0196362957,0.00370100141,1,1,1,1,0,0
ep_0021,31,-0.0825141966,-0.116912946,0.148514777,1,-0.03155246,-0.0184358731,0.0138569325,1,1,1,1,0,0
ep_0021,32,-0.107977256,-0.150945485,0.157603562,1,-0.0254630595,-0.0340325385,0.00908878446,1,1,1,1,0,0
ep_0021,33,-0.127773643,-0.168815762,0.171841383,1,-0.0197963864,-0.0178702772,0.0142378211,1,1,1,1,0,1
ep_0021,34,-0.152634457,-0.191511139,0.172416523,1,-0.0248608142,-0.0226953775,0.000575140119,1,1,1,1,0,1
ep_0021,35,-0.15132679,-0.191951752,0.152197495,1,0.0013076663,-0.000440612435,-0.020219028,1,1,1,1,0,1
ep_0021,36,-0.154520124,-0.192550838,0.134018213,1,-0.00319333375,-0.000599086285,-0.0181792825,1,1,1,1,0,1
ep_0021,37,-0.149646655,-0.192386568,0.106660381,1,0.00487346947,0.000164270401,-0.0273578316,1,1,1,1,0,1
ep_0021,38,-0.151631102,-0.19580926,0.0885265395,1,-0.00198444724,-0.00342269242,-0.0181338415,1,1,1,1,0,1
ep_0021,39,-0.137649044,-0.199845105,0.065517433,1,0.0139820576,-0.0040358454,-0.0230091065,1,1,1,1,0,1
ep_0021,40,-0.148648128,-0.193776116,0.0528691709,1,-0.0109990835,0.00606898963,-0.0126482621,1,1,1,1,0,1
ep_0021,41,-0.152095839,-0.189499438,0.0262805838,0,-0.00344771147,0.00427667797,-0.0265885871,0,1,1,1,1,1
ep_0022,0,-0.273551524,-0.170881927,0.373328209,0,0,0,0,0,1,0,0,0,0
ep_0022,1,-0.256361485,-0.148849219,0.357827008,0,0.0171900392,0.0220327079,-0.0155012012,0,1,0,0,0,0
ep_0022,2,-0.223829463,-0.131419554,0.333547562,0,0.0325320214,0.0174296647,-0.0242794454,0,1,0,0,0,0
ep_0022,3,-0.203425959,-0.10518308,0.327813536,0,0.0204035044,0.0262364745,-0.00573402643,0,1,0,0,0,0
ep_0022,4,-0.181391627,-0.0855257064,0.310062349,0,0.0220343322,0.0196573734,-0.0177511871,0,1,0,0,0,0
ep_0022,5,-0.150634035,-0.0553939082,0.303108364,0,0.0307575911,0.0301317982,-0.0069539845,0,1,0,0,0,0
ep_0022,6,-0.130015865,-0.0459754579,0.277846664,0,0.0206181705,0.0094184503,-0.0252617002,0,1,0,0,0,0
ep_0022,7,-0.0959786251,-0.0204232428,0.263124794,0,0.0340372398,0.0255522151,-0.0147218704,0,1,0,0,0,0
ep_0022,8,-0.0777426213,0.00970452279,0.254227489,0,0.0182360038,0.0301277656,-0.00889730453,0,1,0,0,0,0
ep_0022,9,-0.0555890389,0.0209565479,0.232593879,0,0.0221535824,0.0112520251,-0.0216336101,0,1,0,0,0,0
ep_0022,10,-0.0201189481,0.0397968292,0.218413413,0,0.0354700908,0.0188402813,-0.0141804665,0,1,0,0,0,0
ep_0022,11,0.00300162053,0.0689775348,0.201748073,0,0.0231205691,0.0291807055,-0.0166653395,0,1,1,0,0,0
ep_0022,12,0.0205228832,0.089590162,0.179349869,0,0.0175212622,0.0206126273,-0.0223982036,0,1,1,0,0,0
ep_0022,13,0.0281488616,0.0891697779,0.168688267,0,0.00762597844,-0.000420384109,-0.010661602,0,1,1,0,0,0
ep_0022,14,0.0240967982,0.0879099444,0.146535039,0,-0.00405206345,-0.00125983357,-0.0221532285,0,1,1,0,0,0
ep_0022,15,0.0277726222,0.0900981501,0.131890014,0,0.00367582403,0.00218820572,-0.0146450251,0,1,1,0,0,0
ep_0022,16,0.0192402955,0.0929484665,0.121968776,0,-0.00853232667,0.00285031646,-0.00992123783,0,1,1,0,0,0
ep_0022,17,0.0253687445,0.0798449442,0.0944774523,0,0.00612844899,-0.0131035224,-0.0274913236,0,1,1,0,0,0
ep_0022,18,0.0232165027,0.0873763561,0.073498182,0,-0.00215224177,0.00753141195,-0.0209792703,0,1,1,0,0,0
ep_0022,19,0.0300254337,0.0898650587,0.0524162054,1,0.00680893101,0.00248870254,-0.0210819766,1,1,1,1,0,0
ep_0022,20,0.0234103855,0.0889856219,0.0358647108,1,-0.00661504827,-0.000879436731,-0.0165514946,1,1,1,1,0,0
ep_0022,21,0.0357564539,0.0805489868,0.0492345132,1,0.0123460684,-0.00843663514,0.0133698024,1,1,1,1,0,0
ep_0022,22,0.0448949151,0.0717503503,0.0653180331,1,0.0091384612,-0.0087986365,0.0160835199,1,1,1,1,0,0
ep_0022,23,0.0530584119,0.0683958903,0.0693643987,1,0.00816349685,-0.00335446,0.00404636562,1,1,1,1,0,0
ep_0022,24,0.0622900687,0.058389686,0.0847130418,1,0.00923165679,-0.0100062042,0.0153486431,1,1,1,1,0,0
ep_0022,25,0.0658199415,0.0543455631,0.0819755122,1,0.00352987275,-0.00404412299,-0.00273752958,1,1,1,1,0,0
ep_0022,26,0.0818712413,0.0513805076,0.099640049,1,0.0160512999,-0.00296505541,0.0176645368,1,1,1,1,0,0
ep_0022,27,0.0880072564,0.0443580151,0.108804479,1,0.00613601506,-0.00702249259,0.0091644302,1,1,1,1,0,0
ep_0022,28,0.0919520259,0.0296347439,0.11250972,1,0.0039447695,-0.0147232711,0.00370524079,1,1,1,1,0,0
ep_0022,29,0.105104379,0.0212205388,0.127972469,1,0.0131523535,-0.00841420516,0.0154627487,1,1,1,1,0,0
ep_0022,30,0.117904171,0.0203647986,0.135474145,1,0.012799792,-0.00085574016,0.00750167668,1,1,1,1,0,0
ep_0022,31,0.126300439,0.00391536206,0.150538266,1,0.00839626789,-0.0164494365,0.0150641203,1,1,1,1,0,0
ep_0022,32,0.132912993,0.00646331068,0.166440934,1,0.00661255419,0.00254794862,0.0159026682,1,1,1,1,0,0
ep_0022,33,0.13659358,-0.00101416511,0.166532114,1,0.00368058681,-0.0074774758,9.11802053e-05,1,1,1,1,0,1
ep_0022,34,0.157187492,-0.013178708,0.183095053,1,0.0205939114,-0.0121645425,0.0165629387,1,1,1,1,0,1
ep_0022,35,0.147762373,-0.00804405194,0.167039096,1,-0.00942511857,0.00513465609,-0.0160559565,1,1,1,1,0,1
ep_0022,36,0.155505672,-0.0107382517,0.131595954,1,0.00774329901,-0.00269419979,-0.0354431421,1,1,1,1,0,1
ep_0022,37,0.159551859,-0.00458268169,0.11505001,1,0.0040461868,0.00615557004,-0.0165459439,1,1,1,1,0,1
ep_0022,38,0.155612186,-0.00371257588,0.0901402086,1,-0.0039396733,0.00087010581,-0.0249098018,1,1,1,1,0,1
ep_0022,39,0.153310046,-0.00590071548,0.0698093325,1,-0.00230214,-0.0021881396,-0.0203308761,1,1,1,1,0,1
ep_0022,40,0.15195623,-0.00301067764,0.0501465984,1,-0.0013538152,0.00289003784,-0.0196627341,1,1,1,1,0,1
ep_0022,41,0.151181236,-0.00452097133,0.0321815386,0,-0.000774994493,-0.00151029369,-0.0179650597,0,1,1,1,1,1
ep_0023,0,0.215064913,-0.196834147,0.25530988,0,0,0,0,0,1,0,0,0,0
ep_0023,1,0.184426188,-0.161634669,0.252384305,0,-0.0306387246,0.0351994783,-0.00292557478,0,1,0,0,0,0
ep_0023,2,0.15479885,-0.136119679,0.244865939,0,-0.0296273381,0.0255149901,-0.00751836598,0,1,0,0,0,0
ep_0023,3,0.125526622,-0.117794685,0.233812541,0,-0.0292722285,0.0183249936,-0.0110533983,0,1,0,0,0,0
ep_0023,4,0.101323493,-0.09217491,0.23262836,0,-0.0242031291,0.0256197751,-0.00118418038,0,1,0,0,0,0
ep_0023,5,0.0715146288,-0.0659931377,0.219757468,0,-0.029808864,0.0261817724,-0.0128708929,0,1,0,0,0,0
ep_0023,6,0.0528457761,-0.0430018008,0.206378162,0,-0.0186688527,0.0229913369,-0.0133793056,0,1,0,0,0,0
ep_0023,7,0.0215867981,-0.0206275005,0.194886193,0,-0.0312589779,0.0223743003,-0.0114919692,0,1,0,0,0,0
ep_0023,8,-0.00672841864,0.00658007944,0.195183948,0,-0.0283152163,0.0272075795,0.000297755003,0,1,0,0,0,0
ep_0023,9,-0.0317491554,0.0324941874,0.188374713,0,-0.0250207372,0.0259141084,-0.00680923462,0,1,0,0,0,0
ep_0023,10,-0.0627156422,0.060483899,0.184691116,0,-0.0309664868,0.0279897116,-0.00368359685,0,1,0,0,0,0
ep_0023,11,-0.0836916417,0.0738264471,0.173333853,0,-0.0209759995,0.0133425482,-0.0113572627,0,1,1,0,0,0
ep_0023,12,-0.109018266,0.103672199,0.167851046,0,-0.0253266245,0.0298457518,-0.00548280776,0,1,1,0,0,0
ep_0023,13,-0.111555956,0.105057843,0.150497839,0,-0.0025376901,0.00138564408,-0.0173532069,0,1,1,0,0,0
ep_0023,14,-0.126797646,0.107671723,0.129436374,0,-0.01524169,0.00261387974,-0.0210614651,0,1,1,0,0,0
ep_0023,15,-0.119254053,0.101117902,0.111520313,0,0.00754359365,-0.00655382127,-0.017916061,0,1,1,0,0,0
ep_0023,16,-0.117046461,0.0944448337,0.0904122293,0,0.00220759213,-0.00667306781,-0.0211080834,0,1,1,0,0,0
ep_0023,17,-0.123025179,0.101982802,0.069463715,0,-0.0059787184,0.00753796846,-0.0209485143,0,1,1,0,0,0
ep_0023,18,-0.12321756,0.0955110788,0.0521851368,0,-0.000192381442,-0.00647172332,-0.0172785781,0,1,1,0,0,0
ep_0023,19,-0.117526747,0.104588471,0.0275311917,1,0.00569081306,0.00907739252,-0.0246539451,1,1,1,1,0,0
ep_0023,20,-0.122442558,0.0986941755,0.0217719413,1,-0.00491581112,-0.00589429587,-0.00575925037,1,1,1,1,0,0
ep_0023,21,-0.121957652,0.110752188,0.0299203899,1,0.000484906137,0.0120580122,0.00814844854,1,1,1,1,0,0
ep_0023,22,-0.123282656,0.117512092,0.0375250913,1,-0.0013250038,0.00675990433,0.00760470144,1,1,1,1,0,0
ep_0023,23,-0.131104529,0.11413224,0.0563190393,1,-0.00782187283,-0.00337985158,0.018793948,1,1,1,1,0,0
ep_0023,24,-0.131138384,0.124416009,0.0553005226,1,-3.38554382e-05,0.0102837682,-0.00101851672,1,1,1,1,0,0
ep_0023,25,-0.141632348,0.128798023,0.0675190911,1,-0.010493964,0.00438201427,0.0122185685,1,1,1,1,0,0
ep_0023,26,-0.145818472,0.13206017,0.0800736547,1,-0.00418612361,0.00326214731,0.0125545636,1,1,1,1,0,0
ep_0023,27,-0.14182958,0.141989052,0.0899120346,1,0.00398889184,0.00992888212,0.00983837992,1,1,1,1,0,0
ep_0023,28,-0.155498222,0.15002133,0.102557033,1,-0.0136686414,0.00803227723,0.0126449987,1,1,1,1,0,0
ep_0023,29,-0.152461082,0.151428163,0.110147171,1,0.00303713977,0.00140683353,0.00759013742,1,1,1,1,0,0
ep_0023,30,-0.156847388,0.152297303,0.118632041,1,-0.00438630581,0.000869140029,0.0084848702,1,1,1,1,0,0
ep_0023,31,-0.168796003,0.153377622,0.131985694,1,-0.0119486153,0.00108031929,0.0133536533,1,1,1,1,0,0
ep_0023,32,-0.16745849,0.172930449,0.136759251,1,0.00133751333,0.0195528269,0.00477355719,1,1,1,1,0,0
ep_0023,33,-0.16555658,0.166559964,0.156830907,1,0.00190190971,-0.00637048483,0.0200716555,1,1,1,1,0,1
ep_0023,34,-0.176805511,0.177483052,0.155452341,1,-0.0112489313,0.0109230876,-0.00137856603,1,1,1,1,0,1
ep_0023,35,-0.178294659,0.177338406,0.13570492,1,-0.00148914754,-0.000144645572,-0.0197474211,1,1,1,1,0,1
ep_0023,36,-0.180316731,0.170478925,0.123984404,1,-0.00202207267,-0.00685948133,-0.0117205158,1,1,1,1,0,1
ep_0023,37,-0.181490138,0.170504168,0.0998989195,1,-0.00117340684,2.52425671e-05,-0.0240854844,1,1,1,1,0,1
ep_0023,38,-0.176194414,0.17669937,0.0719927251,1,0.00529572368,0.00619520247,-0.0279061943,1,1,1,1,0,1
ep_0023,39,-0.182867348,0.172194362,0.0551431626,1,-0.0066729337,-0.00450500846,-0.0168495625,1,1,1,1,0,1
ep_0023,40,-0.18191646,0.175102174,0.0378904007,1,0.000950887799,0.0029078126,-0.0172527619,1,1,1,1,0,1
ep_0023,41,-0.1738334,0.175435066,0.00942682102,0,0.00808306038,0.000332891941,-0.0284635797,0,1,1,1,1,1
ep_0024,0,0.00832112227,0.129819408,0.207395107,0,0,0,0,0,1,0,0,0,0
ep_0024,1,0.0170724206,0.128514841,0.196294218,0,0.0087512983,-0.00130456686,-0.0111008883,0,1,0,0,0,0
ep_0024,2,0.0390252024,0.120904073,0.203710079,0,0.0219527818,-0.00761076808,0.00741586089,0,1,0,0,0,0
ep_0024,3,0.0551032946,0.118951879,0.19765465,0,0.0160780922,-0.00195219368,-0.00605542958,0,1,0,0,0,0
ep_0024,4,0.0654863119,0.108151764,0.186509669,0,0.0103830174,-0.0108001158,-0.0111449808,0,1,0,0,0,0
ep_0024,5,0.0830644891,0.099846974,0.181806013,0,0.0175781772,-0.00830478966,-0.00470365584,0,1,0,0,0,0
ep_0024,6,0.109259598,0.0961548388,0.171121448,0,0.0261951089,-0.00369213521,-0.0106845647,0,1,0,0,0,0
ep_0024,7,0.114438258,0.0851899981,0.167045489,0,0.00517866015,-0.0109648407,-0.00407595932,0,1,0,0,0,0
ep_0024,8,0.134566218,0.0804594234,0.174860984,0,0.0201279595,-0.00473057479,0.00781549513,0,1,0,0,0,0
ep_0024,9,0.150840417,0.0723878071,0.162067264,0,0.0162741989,-0.00807161629,-0.0127937198,0,1,0,0,0,0
ep_0024,10,0.168047979,0.0680868104,0.152022034,0,0.0172075629,-0.00430099666,-0.0100452304,0,1,0,0,0,0
ep_0024,11,0.17766127,0.0616711378,0.15182741,0,0.00961329043,-0.0064156726,-0.000194624066,0,1,1,0,0,0
ep_0024,12,0.193290249,0.0574275814,0.153426781,0,0.0156289786,-0.00424355641,0.00159937143,0,1,1,0,0,0
ep_0024,13,0.199178159,0.0552504547,0.136984065,0,0.00588791072,-0.00217712671,-0.0164427161,0,1,1,0,0,0
ep_0024,14,0.19438456,0.0518734418,0.115082152,0,-0.00479359925,-0.00337701291,-0.021901913,0,1,1,0,0,0
ep_0024,15,0.194860905,0.0552101284,0.0908412263,0,0.00047634542,0.00333668664,-0.0242409259,0,1,1,0,0,0
ep_0024,16,0.195550472,0.0502644181,0.0815185905,0,0.000689566135,-0.0049457103,-0.00932263583,0,1,1,0,0,0
ep_0024,17,0.199281767,0.0548216663,0.0594364591,0,0.00373129547,0.0045572482,-0.0220821314,0,1,1,0,0,0
ep_0024,18,0.205993727,0.0593043305,0.0325621925,0,0.00671195984,0.00448266417,-0.0268742666,0,1,1,0,0,0
ep_0024,19,0.197299182,0.0498589389,0.0185873713,1,-0.00869454443,-0.0094453916,-0.0139748212,1,1,1,1,0,0
ep_0024,20,0.196011692,0.0536888093,0.00232529081,1,-0.00128749013,0.00382987037,-0.0162620805,1,1,1,1,0,0
ep_0024,21,0.193828255,0.055368267,0.0140949879,1,-0.00218343735,0.00167945772,0.0117696971,1,1,1,1,0,0
ep_0024,22,0.186963394,0.0606250949,0.021553481,1,-0.00686486065,0.00525682792,0.00745849311,1,1,1,1,0,0
ep_0024,23,0.184614107,0.0627455488,0.0309867933,1,-0.00234928727,0.00212045386,0.00943331234,1,1,1,1,0,0
ep_0024,24,0.175814196,0.0621281527,0.0457307398,1,-0.00879991055,-0.000617396086,0.0147439465,1,1,1,1,0,0
ep_0024,25,0.175538138,0.0673985332,0.0487706736,1,-0.000276058912,0.00527038053,0.00303993374,1,1,1,1,0,0
ep_0024,26,0.172292069,0.0694299787,0.069989793,1,-0.00324606895,0.0020314455,0.0212191194,1,1,1,1,0,0
ep_0024,27,0.163114607,0.0716254786,0.0777039304,1,-0.00917746127,0.00219549984,0.00771413743,1,1,1,1,0,0
ep_0024,28,0.162499651,0.064488396,0.085894376,1,-0.000614956021,-0.00713708252,0.0081904456,1,1,1,1,0,0
ep_0024,29,0.152194202,0.0687272102,0.0999862775,1,-0.0103054494,0.00423881412,0.0140919015,1,1,1,1,0,0
ep_0024,30,0.150581524,0.0782615468,0.116130896,1,-0.00161267817,0.00953433663,0.0161446184,1,1,1,1,0,0
ep_0024,31,0.142724454,0.072839953,0.124664597,1,-0.00785706937,-0.00542159379,0.0085337013,1,1,1,1,0,0
ep_0024,32,0.140540093,0.0734762475,0.140023798,1,-0.00218436122,0.000636294484,0.0153592005,1,1,1,1,0,0
ep_0024,33,0.134044096,0.0755904317,0.14313747,1,-0.00649599731,0.0021141842,0.00311367214,1,1,1,1,0,1
ep_0024,34,0.13652806,0.0796583965,0.157377437,1,0.00248396397,0.00406796485,0.0142399669,1,1,1,1,0,1
ep_0024,35,0.133966669,0.0806182772,0.137056261,1,-0.0025613904,0.00095988065,-0.0203211755,1,1,1,1,0,1
ep_0024,36,0.132461369,0.0769658014,0.120914988,1,-0.0015053004,-0.00365247577,-0.0161412731,1,1,1,1,0,1
ep_0024,37,0.134641692,0.0795931369,0.0971376225,1,0.002180323,0.00262733549,-0.0237773657,1,1,1,1,0,1
ep_0024,38,0.129051954,0.0806729645,0.0797469392,1,-0.00558973849,0.00107982755,-0.0173906833,1,1,1,1,0,1
ep_0024,39,0.13364549,0.0822338387,0.05331802,1,0.00459353626,0.00156087428,-0.0264289193,1,1,1,1,0,1
ep_0024,40,0.138239533,0.083415173,0.0340562835,1,0.0045940429,0.00118133426,-0.0192617364,1,1,1,1,0,1
ep_0024,41,0.135733142,0.0736023337,0.00614923984,0,-0.00250639021,-0.00981283933,-0.0279070437,0,1,1,1,1,1
ep_0025,0,0.299609542,0.282446563,0.295571119,0,0,0,0,0,1,0,0,0,0
ep_0025,1,0.265189499,0.257798493,0.283386439,0,-0.0344200432,-0.0246480703,-0.0121846795,0,1,0,0,0,0
ep_0025,2,0.223686308,0.239452824,0.271423697,0,-0.041503191,-0.0183456689,-0.0119627416,0,1,0,0,0,0
ep_0025,3,0.195361942,0.203044876,0.261533469,0,-0.0283243656,-0.0364079475,-0.00989022851,0,1,0,0,0,0
ep_0025,4,0.15059109,0.191544458,0.252726227,0,-0.0447708517,-0.0115004182,-0.00880724192,0,1,0,0,0,0
ep_0025,5,0.122624703,0.157070309,0.239281267,0,-0.0279663876,-0.0344741493,-0.0134449601,0,1,0,0,0,0
ep_0025,6,0.0822922364,0.128012612,0.224329218,0,-0.0403324664,-0.0290576965,-0.0149520487,0,1,0,0,0,0
ep_0025,7,0.0447741896,0.11884857,0.213232026,0,-0.0375180468,-0.00916404277,-0.0110971928,0,1,0,0,0,0
ep_0025,8,0.0157920849,0.0807291567,0.193350524,0,-0.0289821047,-0.038119413,-0.0198815018,0,1,0,0,0,0
ep_0025,9,-0.0292091258,0.0599871613,0.185384691,0,-0.0450012088,-0.0207419954,-0.00796583295,0,1,0,0,0,0
ep_0025,10,-0.058011394,0.0330030248,0.174310982,0,-0.0288022682,-0.0269841366,-0.0110737085,0,1,0,0,0,0
ep_0025,11,-0.0979173332,0.00621561799,0.164998055,0,-0.0399059393,-0.0267874077,-0.00931292772,0,1,1,0,0,0
ep_0025,12,-0.126543686,-0.0162266679,0.148827657,0,-0.0286263525,-0.022442285,-0.0161703974,0,1,1,0,0,0
ep_0025,13,-0.127210125,-0.0116736908,0.12882407,0,-0.000666439533,0.00455297716,-0.020003587,0,1,1,0,0,0
ep_0025,14,-0.128161356,-0.013747476,0.114477821,0,-0.000951230526,-0.00207378529,-0.0143462494,0,1,1,0,0,0
ep_0025,15,-0.12522243,-0.019874882,0.094312951,0,0.00293892622,-0.00612740591,-0.0201648697,0,1,1,0,0,0
ep_0025,16,-0.131499678,-0.0152226817,0.0688995123,0,-0.00627724826,0.00465220027,-0.0254134387,0,1,1,0,0,0
ep_0025,17,-0.125668481,-0.019093195,0.0549778417,0,0.0058311969,-0.00387051329,-0.0139216706,0,1,1,0,0,0
ep_0025,18,-0.127324939,-0.00958386064,0.0393070355,0,-0.00165645778,0.00950933434,-0.0156708062,0,1,1,0,0,0
ep_0025,19,-0.126822814,-0.0122745773,0.0197854713,1,0.000502124429,-0.00269071665,-0.0195215642,1,1,1,1,0,0
ep_0025,20,-0.125538409,-0.0122562237,0.00222124532,1,0.00128440559,1.8353574e-05,-0.0175642259,1,1,1,1,0,0
ep_0025,21,-0.131836042,-0.00567109557,0.0133613124,1,-0.00629763305,0.00658512814,0.0111400671,1,1,1,1,0,0
ep_0025,22,-0.131282941,0.00482278038,0.0285039246,1,0.000553101301,0.0104938764,0.0151426122,1,1,1,1,0,0
ep_0025,23,-0.128118366,0.0151652806,0.036272604,1,0.0031645745,0.0103425002,0.00776867941,1,1,1,1,0,0
ep_0025,24,-0.133216888,0.0313353315,0.0551783964,1,-0.00509852171,0.0161700509,0.0189057924,1,1,1,1,0,0
ep_0025,25,-0.133077204,0.0463395305,0.0622358061,1,0.000139683485,0.015004199,0.00705740973,1,1,1,1,0,0
ep_0025,26,-0.139932007,0.0511072837,0.0806014314,1,-0.00685480237,0.00476775318,0.0183656253,1,1,1,1,0,0
ep_0025,27,-0.135231212,0.0629449636,0.0919623598,1,0.00470079482,0.0118376799,0.0113609284,1,1,1,1,0,0
ep_0025,28,-0.133889273,0.081995815,0.108459882,1,0.00134193897,0.0190508515,0.0164975226,1,1,1,1,0,0
ep_0025,29,-0.140734091,0.0808489472,0.120070256,1,-0.00684481859,-0.00114686787,0.0116103739,1,1,1,1,0,0
ep_0025,30,-0.137404621,0.0991787091,0.129258379,1,0.00332947075,0.0183297619,0.00918812305,1,1,1,1,0,0
ep_0025,31,-0.13958922,0.105480596,0.154482603,1,-0.00218459964,0.00630188733,0.0252242237,1,1,1,1,0,0
ep_0025,32,-0.138050422,0.116524592,0.157430217,1,0.00153879821,0.0110439956,0.0029476136,1,1,1,1,0,0
ep_0025,33,-0.144822896,0.132086024,0.16802147,1,-0.00677247345,0.0155614316,0.0105912536,1,1,1,1,0,1
ep_0025,34,-0.149010971,0.145213291,0.186013654,1,-0.00418807566,0.0131272674,0.0179921836,1,1,1,1,0,1
ep_0025,35,-0.144642159,0.148380429,0.15856427,1,0.00436881185,0.0031671375,-0.0274493843,1,1,1,1,0,1
ep_0025,36,-0.142866537,0.143552855,0.143815488,1,0.00177562237,-0.0048275739,-0.0147487819,1,1,1,1,0,1
ep_0025,37,-0.134019062,0.135525852,0.119798519,1,0.00884747505,-0.00802700222,-0.0240169689,1,1,1,1,0,1
ep_0025,38,-0.148332268,0.146307155,0.0994168073,1,-0.0143132061,0.010781303,-0.0203817114,1,1,1,1,0,1
ep_0025,39,-0.150527716,0.136970758,0.0731681734,1,-0.00219544768,-0.00933639705,-0.0262486339,1,1,1,1,0,1
ep_0025,40,-0.140961543,0.140691981,0.0601213761,1,0.00956617296,0.00372122228,-0.0130467974,1,1,1,1,0,1
ep_0025,41,-0.14169763,0.142008454,0.0421535447,0,-0.000736087561,0.00131647289,-0.0179678313,0,1,1,1,1,1
ep_0026,0,0.211455181,-0.0809822604,0.280454457,0,0,0,0,0,1,0,0,0,0
ep_0026,1,0.169504032,-0.0829791278,0.275752872,0,-0.0419511497,-0.00199686736,-0.00470158458,0,1,0,0,0,0
ep_0026,2,0.139264852,-0.0926819891,0.264769226,0,-0.0302391797,-0.00970286131,-0.0109836459,0,1,0,0,0,0
ep_0026,3,0.0999019146,-0.106525041,0.25604248,0,-0.0393629372,-0.0138430521,-0.00872674584,0,1,0,0,0,0
ep_0026,4,0.0779753551,-0.123684749,0.237261221,0,-0.0219265595,-0.0171597078,-0.0187812597,0,1,0,0,0,0
ep_0026,5,0.0461761095,-0.126481295,0.225671157,0,-0.0317992456,-0.00279654562,-0.0115900636,0,1,0,0,0,0
ep_0026,6,0.00521181477,-0.138118252,0.223127708,0,-0.0409642942,-0.0116369575,-0.0025434494,0,1,0,0,0,0
ep_0026,7,-0.0226036608,-0.142639741,0.212497294,0,-0.0278154761,-0.00452148914,-0.0106304139,0,1,0,0,0,0
ep_0026,8,-0.0513785258,-0.155583873,0.200084701,0,-0.028774865,-0.0129441321,-0.0124125928,0,1,0,0,0,0
ep_0026,9,-0.0931568444,-0.167132854,0.193126619,0,-0.0417783186,-0.0115489811,-0.00695808232,0,1,0,0,0,0
ep_0026,10,-0.11915613,-0.176337332,0.17787987,0,-0.0259992853,-0.00920447707,-0.0152467489,0,1,0,0,0,0
ep_0026,11,-0.148595259,-0.187391669,0.172550008,0,-0.0294391289,-0.011054337,-0.00532986224,0,1,1,0,0,0
ep_0026,12,-0.176990286,-0.187748417,0.16309391,0,-0.0283950269,-0.0003567487,-0.00945609808,0,1,1,0,0,0
ep_0026,13,-0.17757225,-0.195994496,0.135050371,0,-0.00058196485,-0.00824607909,-0.0280435383,0,1,1,0,0,0
ep_0026,14,-0.184828058,-0.200682372,0.124674499,0,-0.00725580752,-0.00468787551,-0.0103758723,0,1,1,0,0,0
ep_0026,15,-0.186366916,-0.201160878,0.103706732,0,-0.00153885782,-0.000478506088,-0.0209677666,0,1,1,0,0,0
ep_0026,16,-0.176134542,-0.193887696,0.0863386467,0,0.0102323741,0.00727318227,-0.0173680857,0,1,1,0,0,0
ep_0026,17,-0.18238546,-0.194971383,0.0648618788,0,-0.00625091791,-0.00108368695,-0.021476768,0,1,1,0,0,0
ep_0026,18,-0.187894896,-0.196627945,0.0512258746,0,-0.00550943613,-0.00165656209,-0.0136360042,0,1,1,0,0,0
ep_0026,19,-0.173424661,-0.19896096,0.0275160316,1,0.0144702345,-0.0023330152,-0.0237098429,1,1,1,1,0,0
ep_0026,20,-0.184884265,-0.193677619,0.0059438101,1,-0.0114596039,0.00528334081,-0.0215722211,1,1,1,1,0,0
ep_0026,21,-0.163208678,-0.198947504,0.0216280352,1,0.0216755867,-0.00526988506,0.0156842247,1,1,1,1,0,0
ep_0026,22,-0.163947716,-0.188394547,0.0428923294,1,-0.000739037991,0.0105529577,0.0212642942,1,1,1,1,0,0
ep_0026,23,-0.154542729,-0.19276832,0.043180421,1,0.0094049871,-0.00437377393,0.0002880916,1,1,1,1,0,0
ep_0026,24,-0.142191723,-0.191903412,0.0623041689,1,0.0123510063,0.000864908099,0.0191237479,1,1,1,1,0,0
ep_0026,25,-0.128151447,-0.190859541,0.0717151761,1,0.0140402764,0.00104387105,0.00941100717,1,1,1,1,0,0
ep_0026,26,-0.12818709,-0.182783544,0.0931260884,1,-3.56435776e-05,0.00807599723,0.0214109123,1,1,1,1,0,0
ep_0026,27,-0.116105348,-0.18619214,0.096665144,1,0.0120817423,-0.00340859592,0.00353905559,1,1,1,1,0,0
ep_0026,28,-0.10359212,-0.185363844,0.114612803,1,0.0125132278,0.000828295946,0.0179476589,1,1,1,1,0,0
ep_0026,29,-0.0936882496,-0.193788007,0.128709137,1,0.00990387052,-0.00842416286,0.0140963346,1,1,1,1,0,0
ep_0026,30,-0.083109051,-0.183765575,0.131212622,1,0.0105791986,0.0100224316,0.00250348449,1,1,1,1,0,0
ep_0026,31,-0.0869329199,-0.187132671,0.156547606,1,-0.00382386893,-0.00336709619,0.0253349841,1,1,1,1,0,0
ep_0026,32,-0.0694539845,-0.179850966,0.166529119,1,0.0174789354,0.00728170574,0.00998151302,1,1,1,1,0,0
ep_0026,33,-0.0584542193,-0.187902868,0.176204145,1,0.0109997652,-0.00805190206,0.00967502594,1,1,1,1,0,1
ep_0026,34,-0.039606642,-0.183873922,0.183590904,1,0.0188475773,0.00402894616,0.00738675892,1,1,1,1,0,1
ep_0026,35,-0.0485890545,-0.179181919,0.166189834,1,-0.00898241252,0.00469200313,-0.0174010694,1,1,1,1,0,1
ep_0026,36,-0.0527893193,-0.173501313,0.15062356,1,-0.00420026481,0.00568060577,-0.0155662745,1,1,1,1,0,1
ep_0026,37,-0.053456381,-0.182419047,0.119240917,1,-0.000667061657,-0.00891773403,-0.0313826427,1,1,1,1,0,1
ep_0026,38,-0.0493690223,-0.18342939,0.104189798,1,0.00408735871,-0.00101034343,-0.015051119,1,1,1,1,0,1
ep_0026,39,-0.04889635,-0.18162939,0.0893789381,1,0.000472672284,0.00180000067,-0.0148108602,1,1,1,1,0,1
ep_0026,40,-0.0493930504,-0.185008556,0.0581448041,1,-0.000496700406,-0.00337916613,-0.031234134,1,1,1,1,0,1
ep_0026,41,-0.0475792475,-0.175779268,0.0454536155,0,0.00181380287,0.00922928751,-0.0126911886,0,1,1,1,1,1
ep_0027,0,-0.0565343276,0.147004887,0.203977451,0,0,0,0,0,1,0,0,0,0
ep_0027,1,-0.0749377087,0.142950341,0.200565338,0,-0.0184033811,-0.00405454636,-0.00341211259,0,1,0,0,0,0
ep_0027,2,-0.0797916725,0.144112512,0.193906024,0,-0.00485396385,0.00116217136,-0.00665931404,0,1,0,0,0,0
ep_0027,3,-0.0819994956,0.149265736,0.193206936,0,-0.0022078231,0.00515322387,-0.000699087977,0,1,0,0,0,0
ep_0027,4,-0.0923172235,0.145714164,0.194506511,0,-0.0103177279,-0.00355157256,0.00129957497,0,1,0,0,0,0
ep_0027,5,-0.0975582674,0.145579413,0.192746401,0,-0.00524104387,-0.000134751201,-0.00176011026,0,1,0,0,0,0
ep_0027,6,-0.106898583,0.141349271,0.192505985,0,-0.00934031606,-0.00423014164,-0.000240415335,0,1,0,0,0,0
ep_0027,7,-0.115735583,0.144302532,0.192714408,0,-0.00883699954,0.00295326114,0.000208422542,0,1,0,0,0,0
ep_0027,8,-0.124219522,0.142137766,0.184484959,0,-0.00848393887,-0.00216476619,-0.00822944939,0,1,0,0,0,0
ep_0027,9,-0.131660745,0.143728733,0.188038707,0,-0.00744122267,0.00159096718,0.00355374813,0,1,0,0,0,0
ep_0027,10,-0.136887804,0.153874755,0.180631787,0,-0.00522705913,0.0101460218,-0.00740692019,0,1,0,0,0,0
ep_0027,11,-0.14049606,0.137703359,0.178184807,0,-0.00360825658,-0.0161713958,-0.00244697928,0,1,1,0,0,0
ep_0027,12,-0.152761787,0.142985269,0.173955739,0,-0.0122657269,0.0052819103,-0.00422906876,0,1,1,0,0,0
ep_0027,13,-0.153586835,0.148442075,0.156704128,0,-0.000825047493,0.00545680523,-0.0172516108,0,1,1,0,0,0
ep_0027,14,-0.157546103,0.142785594,0.136767611,0,-0.00395926833,-0.00565648079,-0.0199365169,0,1,1,0,0,0
ep_0027,15,-0.158989474,0.14985241,0.123736165,0,-0.00144337118,0.00706681609,-0.0130314454,0,1,1,0,0,0
ep_0027,16,-0.152054995,0.146719709,0.0904943272,0,0.00693447888,-0.00313270092,-0.0332418382,0,1,1,0,0,0
ep_0027,17,-0.153865725,0.144165754,0.0819177181,0,-0.0018107295,-0.00255395472,-0.00857660919,0,1,1,0,0,0
ep_0027,18,-0.15036729,0.144315004,0.0626734197,0,0.00349843502,0.000149250031,-0.0192442983,0,1,1,0,0,0
ep_0027,19,-0.163210079,0.147121117,0.042443715,1,-0.0128427893,0.00280611217,-0.0202297047,1,1,1,1,0,0
ep_0027,20,-0.153705582,0.148247585,0.0242547747,1,0.00950449705,0.00112646818,-0.0181889404,1,1,1,1,0,0
ep_0027,21,-0.144925475,0.148722544,0.0366038829,1,0.0087801069,0.000474959612,0.0123491082,1,1,1,1,0,0
ep_0027,22,-0.12854223,0.142651722,0.0485998206,1,0.0163832456,-0.00607082248,0.0119959377,1,1,1,1,0,0
ep_0027,23,-0.108910248,0.138610899,0.0553154983,1,0.0196319818,-0.00404082239,0.00671567768,1,1,1,1,0,0
ep_0027,24,-0.0922253355,0.135662824,0.0611141995,1,0.0166849121,-0.00294807553,0.0057987012,1,1,1,1,0,0
ep_0027,25,-0.0834685192,0.134079844,0.070608981,1,0.00875681639,-0.00158298016,0.00949478149,1,1,1,1,0,0
ep_0027,26,-0.0695930198,0.121878847,0.0816124976,1,0.0138754994,-0.0122009963,0.0110035166,1,1,1,1,0,0
ep_0027,27,-0.0481209867,0.126706749,0.0975737572,1,0.0214720331,0.00482790172,0.0159612596,1,1,1,1,0,0
ep_0027,28,-0.0340338089,0.117143922,0.103912137,1,0.0140871778,-0.00956282765,0.00633838028,1,1,1,1,0,0
ep_0027,29,-0.0274020173,0.120164275,0.112304926,1,0.00663179159,0.00302035362,0.00839278847,1,1,1,1,0,0
ep_0027,30,-0.00600204477,0.115678012,0.128110185,1,0.021399973,-0.0044862628,0.0158052593,1,1,1,1,0,0
ep_0027,31,0.00672731316,0.102255963,0.135650799,1,0.0127293579,-0.0134220496,0.00754061341,1,1,1,1,0,0
ep_0027,32,0.0240262505,0.0891801491,0.138055682,1,0.0172989368,-0.0130758137,0.0024048835,1,1,1,1,0,0
ep_0027,33,0.0332680009,0.100662082,0.153872475,1,0.00924175046,0.0114819333,0.0158167928,1,1,1,1,0,1
ep_0027,34,0.0527495705,0.0901692659,0.17148903,1,0.0194815695,-0.0104928166,0.0176165551,1,1,1,1,0,1
ep_0027,35,0.0534476936,0.0983101577,0.147055551,1,0.000698123127,0.00814089179,-0.0244334787,1,1,1,1,0,1
ep_0027,36,0.0561910123,0.0920510069,0.123253316,1,0.00274331868,-0.0062591508,-0.0238022357,1,1,1,1,0,1
ep_0027,37,0.0589067191,0.0961006582,0.102963254,1,0.00271570683,0.00404965132,-0.0202900618,1,1,1,1,0,1
ep_0027,38,0.0545974448,0.0908718258,0.0815507397,1,-0.00430927426,-0.00522883236,-0.0214125142,1,1,1,1,0,1
ep_0027,39,0.0494096503,0.0950339139,0.0542486161,1,-0.00518779457,0.00416208804,-0.0273021236,1,1,1,1,0,1
ep_0027,40,0.0654169992,0.095138818,0.0343292616,1,0.0160073489,0.000104904175,-0.0199193545,1,1,1,1,0,1
ep_0027,41,0.0649638548,0.0903044268,0.0184745509,0,-0.000453144312,-0.00483439118,-0.0158547107,0,1,1,1,1,1
ep_0028,0,0.0303855147,0.0817647725,0.337404191,0,0,0,0,0,1,0,0,0,0
ep_0028,1,0.0416087098,0.0831918642,0.329308718,0,0.0112231951,0.00142709166,-0.00809547305,0,1,0,0,0,0
ep_0028,2,0.0518386997,0.0707150027,0.309816182,0,0.0102299899,-0.0124768615,-0.0194925368,0,1,0,0,0,0
ep_0028,3,0.0518250205,0.0682182312,0.300988138,0,-1.3679266e-05,-0.00249677151,-0.00882804394,0,1,0,0,0,0
ep_0028,4,0.0572913773,0.0696314648,0.291674137,0,0.00546635687,0.00141323358,-0.00931400061,0,1,0,0,0,0
ep_0028,5,0.0695473179,0.0561957881,0.271760494,0,0.0122559406,-0.0134356767,-0.0199136436,0,1,0,0,0,0
ep_0028,6,0.0650976747,0.0539110936,0.263306856,0,-0.00444964319,-0.00228469446,-0.00845363736,0,1,0,0,0,0
ep_0028,7,0.0671265051,0.0469209552,0.24368678,0,0.00202883035,-0.00699013844,-0.0196200758,0,1,0,0,0,0
ep_0028,8,0.0776547119,0.053559944,0.246739194,0,0.0105282068,0.00663898885,0.00305241346,0,1,0,0,0,0
ep_0028,9,0.0811232701,0.0469727181,0.223973438,0,0.00346855819,-0.00658722594,-0.0227657557,0,1,0,0,0,0
ep_0028,10,0.0872045606,0.0330172479,0.205465779,0,0.00608129054,-0.0139554702,-0.0185076594,0,1,0,0,0,0
ep_0028,11,0.0882516056,0.0334446132,0.193490282,0,0.00104704499,0.000427365303,-0.011975497,0,1,1,0,0,0
ep_0028,12,0.0869585052,0.0261372551,0.180329353,0,-0.00129310042,-0.00730735809,-0.0131609291,0,1,1,0,0,0
ep_0028,13,0.0985149592,0.0271695424,0.159514412,0,0.011556454,0.00103228725,-0.0208149403,0,1,1,0,0,0
ep_0028,14,0.0885226279,0.0242149886,0.142691016,0,-0.00999233127,-0.00295455381,-0.0168233961,0,1,1,0,0,0
ep_0028,15,0.0901466161,0.0350741856,0.127516106,0,0.00162398815,0.010859197,-0.0151749104,0,1,1,0,0,0
ep_0028,16,0.0881919637,0.0320026614,0.106471196,0,-0.00195465237,-0.0030715242,-0.02104491,0,1,1,0,0,0
ep_0028,17,0.0890146643,0.0350834765,0.0910981968,0,0.00082270056,0.00308081508,-0.015372999,0,1,1,0,0,0
ep_0028,18,0.0897619277,0.0297208019,0.0680825785,0,0.000747263432,-0.00536267459,-0.0230156183,0,1,1,0,0,0
ep_0028,19,0.0884684175,0.022143878,0.0498765036,1,-0.0012935102,-0.00757692382,-0.0182060748,1,1,1,1,0,0
ep_0028,20,0.0920802206,0.0252082702,0.0258365273,1,0.00361180305,0.00306439213,-0.0240399763,1,1,1,1,0,0
ep_0028,21,0.0938905776,0.0217415839,0.033944197,1,0.00181035697,-0.00346668623,0.00810766965,1,1,1,1,0,0
ep_0028,22,0.0977892354,0.0183614865,0.0543022789,1,0.00389865786,-0.00338009745,0.0203580819,1,1,1,1,0,0
ep_0028,23,0.100713916,0.00334469718,0.0508906543,1,0.00292468071,-0.0150167895,-0.00341162458,1,1,1,1,0,0
ep_0028,24,0.107765809,-0.000533494749,0.0645514503,1,0.00705189258,-0.00387819204,0.013660796,1,1,1,1,0,0
ep_0028,25,0.104874983,-0.0130927917,0.0737674236,1,-0.00289082527,-0.0125592966,0.00921597332,1,1,1,1,0,0
ep_0028,26,0.11035946,-0.0131897852,0.0896971077,1,0.00548447669,-9.69935209e-05,0.015929684,1,1,1,1,0,0
ep_0028,27,0.109700322,-0.0271203965,0.0975983217,1,-0.000659137964,-0.0139306113,0.00790121406,1,1,1,1,0,0
ep_0028,28,0.114187956,-0.0341390669,0.105209485,1,0.00448763371,-0.00701867044,0.00761116296,1,1,1,1,0,0
ep_0028,29,0.118872374,-0.0452275723,0.113102123,1,0.00468441844,-0.0110885054,0.00789263844,1,1,1,1,0,0
ep_0028,30,0.11998269,-0.0558686703,0.130089477,1,0.00111031532,-0.010641098,0.0169873536,1,1,1,1,0,0
ep_0028,31,0.130037665,-0.0629193336,0.131423265,1,0.0100549757,-0.00705066323,0.00133378804,1,1,1,1,0,0
ep_0028,32,0.122383699,-0.0725426823,0.145257562,1,-0.00765396655,-0.00962334871,0.0138342977,1,1,1,1,0,0
ep_0028,33,0.126943827,-0.0764972717,0.144734472,1,0.00456012785,-0.00395458937,-0.000523090363,1,1,1,1,0,1
ep_0028,34,0.141665116,-0.0850181058,0.16267924,1,0.0147212893,-0.00852083415,0.0179447681,1,1,1,1,0,1
ep_0028,35,0.128437713,-0.0890638605,0.147006139,1,-0.0132274032,-0.00404575467,-0.0156731009,1,1,1,1,0,1
ep_0028,36,0.134266749,-0.0850179121,0.124894075,1,0.00582903624,0.00404594839,-0.0221120641,1,1,1,1,0,1
ep_0028,37,0.135257259,-0.0848138779,0.105487242,1,0.000990509987,0.00020403415,-0.0194068328,1,1,1,1,0,1
ep_0028,38,0.139695987,-0.0830459967,0.084360525,1,0.00443872809,0.00176788121,-0.0211267173,1,1,1,1,0,1
ep_0028,39,0.138950929,-0.0838294476,0.0618911907,1,-0.00074505806,-0.000783450902,-0.0224693343,1,1,1,1,0,1
ep_0028,40,0.137333512,-0.0859192014,0.0254282597,1,-0.00161741674,-0.00208975375,-0.0364629328,1,1,1,1,0,1
ep_0028,41,0.135406941,-0.0861714408,0.0102169923,0,-0.00192657113,-0.000252239406,-0.0152112674,0,1,1,1,1,1
ep_0029,0,0.253762931,-0.183690548,0.264698446,0,0,0,0,0,1,0,0,0,0
ep_0029,1,0.226894408,-0.16379407,0.255168617,0,-0.0268685222,0.0198964775,-0.00952982903,0,1,0,0,0,0
ep_0029,2,0.207310021,-0.145133942,0.248340622,0,-0.0195843875,0.0186601281,-0.00682799518,0,1,0,0,0,0
ep_0029,3,0.174303636,-0.119583964,0.242774487,0,-0.033006385,0.025549978,-0.00556613505,0,1,0,0,0,0
ep_0029,4,0.155083627,-0.0854597762,0.234527022,0,-0.0192200094,0.0341241881,-0.0082474649,0,1,0,0,0,0
ep_0029,5,0.135679528,-0.0639016032,0.224174142,0,-0.0194040984,0.021558173,-0.0103528798,0,1,0,0,0,0
ep_0029,6,0.119004212,-0.0444321446,0.211698323,0,-0.0166753158,0.0194694586,-0.0124758184,0,1,0,0,0,0
ep_0029,7,0.0863527507,-0.0209485479,0.212619796,0,-0.0326514617,0.0234835967,0.000921472907,0,1,0,0,0,0
ep_0029,8,0.0662592649,0.00192281557,0.209358141,0,-0.0200934857,0.0228713639,-0.00326165557,0,1,0,0,0,0
ep_0029,9,0.0468949191,0.0322943218,0.190537795,0,-0.0193643458,0.0303715058,-0.0188203454,0,1,0,0,0,0
ep_0029,10,0.0247439314,0.0540191047,0.185121745,0,-0.0221509878,0.0217247829,-0.00541605055,0,1,0,0,0,0
ep_0029,11,0.000907121692,0.0778846294,0.179417491,0,-0.0238368101,0.0238655247,-0.00570425391,0,1,1,0,0,0
ep_0029,12,-0.0286474153,0.107150711,0.174649432,0,-0.0295545366,0.0292660818,-0.00476805866,0,1,1,0,0,0
ep_0029,13,-0.0291358419,0.108306833,0.159948155,0,-0.000488426536,0.00115612149,-0.014701277,0,1,1,0,0,0
ep_0029,14,-0.0261698291,0.106274858,0.133363396,0,0.00296601281,-0.00203197449,-0.0265847594,0,1,1,0,0,0
ep_0029,15,-0.0170313548,0.105621926,0.124125741,0,0.00913847424,-0.000652931631,-0.00923765451,0,1,1,0,0,0
ep_0029,16,-0.0268139001,0.107358962,0.0930275843,0,-0.00978254527,0.00173703581,-0.0310981572,0,1,1,0,0,0
ep_0029,17,-0.0252690352,0.10986235,0.0873750597,0,0.00154486485,0.00250338763,-0.00565252453,0,1,1,0,0,0
ep_0029,18,-0.01971546,0.0990987122,0.061890576,0,0.00555357523,-0.0107636377,-0.0254844837,0,1,1,0,0,0
ep_0029,19,-0.0186573453,0.110348262,0.0411994271,1,0.00105811469,0.0112495497,-0.0206911489,1,1,1,1,0,0
ep_0029,20,-0.020337563,0.0995606855,0.0213988721,1,-0.00168021768,-0.0107875764,-0.019800555,1,1,1,1,0,0
ep_0029,21,-0.0268253554,0.0916370824,0.0362888686,1,-0.00648779236,-0.00792360306,0.0148899965,1,1,1,1,0,0
ep_0029,22,-0.0215937234,0.0702586845,0.0539190024,1,0.00523163192,-0.0213783979,0.0176301338,1,1,1,1,0,0
ep_0029,23,-0.0248270389,0.051060196,0.0541387424,1,-0.00323331542,-0.0191984884,0.000219739974,1,1,1,1,0,0
ep_0029,24,-0.0319716148,0.0387293622,0.0762825757,1,-0.00714457594,-0.0123308338,0.0221438333,1,1,1,1,0,0
ep_0029,25,-0.0273628104,0.020324843,0.0759100839,1,0.00460880436,-0.0184045192,-0.000372491777,1,1,1,1,0,0
ep_0029,26,-0.0319077261,-0.000501793518,0.100394964,1,-0.00454491563,-0.0208266359,0.0244848803,1,1,1,1,0,0
ep_0029,27,-0.0287925228,-0.0112283621,0.108505212,1,0.00311520323,-0.0107265683,0.00811024755,1,1,1,1,0,0
ep_0029,28,-0.0347336568,-0.0332613178,0.118626349,1,-0.00594113395,-0.0220329557,0.0101211369,1,1,1,1,0,0
ep_0029,29,-0.0297830403,-0.0473712236,0.135660619,1,0.00495061651,-0.0141099058,0.0170342699,1,1,1,1,0,0
ep_0029,30,-0.0340816006,-0.0731972307,0.140414342,1,-0.00429856032,-0.0258260071,0.00475372374,1,1,1,1,0,0
ep_0029,31,-0.0302443877,-0.0881138965,0.161648005,1,0.00383721292,-0.0149166659,0.021233663,1,1,1,1,0,0
ep_0029,32,-0.0340939909,-0.0979831293,0.172342792,1,-0.00384960324,-0.00986923277,0.0106947869,1,1,1,1,0,0
ep_0029,33,-0.0382092372,-0.123527721,0.182439998,1,-0.00411524624,-0.0255445912,0.0100972056,1,1,1,1,0,1
ep_0029,34,-0.0376758575,-0.142995745,0.20053564,1,0.000533379614,-0.0194680244,0.0180956423,1,1,1,1,0,1
ep_0029,35,-0.0287889428,-0.151282758,0.175325021,1,0.0088869147,-0.00828701258,-0.025210619,1,1,1,1,0,1
ep_0029,36,-0.0365413167,-0.138826713,0.151456073,1,-0.00775237381,0.0124560446,-0.0238689482,1,1,1,1,0,1
ep_0029,37,-0.0407337286,-0.135282338,0.132787213,1,-0.0041924119,0.0035443753,-0.0186688602,1,1,1,1,0,1
ep_0029,38,-0.0252218377,-0.137917802,0.112277113,1,0.0155118909,-0.00263546407,-0.0205100998,1,1,1,1,0,1
ep_0029,39,-0.0420212001,-0.135351837,0.0905253366,1,-0.0167993624,0.00256596506,-0.0217517763,1,1,1,1,0,1
ep_0029,40,-0.038742058,-0.142357379,0.0621622503,1,0.00327914208,-0.00700554252,-0.0283630863,1,1,1,1,0,1
ep_0029,41,-0.0298340451,-0.140319347,0.047593914,0,0.00890801288,0.00203803182,-0.0145683363,0,1,1,1,1,1
